InnSensemitzpe@gmail.com,InnSensemitzpe@gmail.com,"InnSense – Bistro & Suites",,,http://rng.org.il/%d7%9c%d7%98%d7%99%d7%99%d7%9c-%d7%91%d7%a8%d7%9e%d7%aa-%d7%94%d7%a0%d7%92%d7%91/%d7%9c%d7%99%d7%a0%d7%94/%d7%91%d7%aa%d7%99-%d7%9e%d7%9c%d7%95%d7%9f/
ibike@netvision.net.il,ibike@netvision.net.il,IBIKE,,,http://rng.org.il/%d7%9c%d7%98%d7%99%d7%99%d7%9c-%d7%91%d7%a8%d7%9e%d7%aa-%d7%94%d7%a0%d7%92%d7%91/%d7%9c%d7%99%d7%a0%d7%94/%d7%91%d7%aa%d7%99-%d7%9e%d7%9c%d7%95%d7%9f/
beresheet@isrotel.co.il,beresheet@isrotel.co.il,"מלון בראשית ישרוטל",,,http://rng.org.il/%d7%9c%d7%98%d7%99%d7%99%d7%9c-%d7%91%d7%a8%d7%9e%d7%aa-%d7%94%d7%a0%d7%92%d7%91/%d7%9c%d7%99%d7%a0%d7%94/%d7%91%d7%aa%d7%99-%d7%9e%d7%9c%d7%95%d7%9f/
ramon-inn@isrotel.co.il,ramon-inn@isrotel.co.il,"מלון ישרוטל פונדק רמון",,,http://rng.org.il/%d7%9c%d7%98%d7%99%d7%99%d7%9c-%d7%91%d7%a8%d7%9e%d7%aa-%d7%94%d7%a0%d7%92%d7%91/%d7%9c%d7%99%d7%a0%d7%94/%d7%91%d7%aa%d7%99-%d7%9e%d7%9c%d7%95%d7%9f/
mashabim@kms.org.il,mashabim@kms.org.il,"כפר הנופש משאבים",,,http://rng.org.il/%d7%9c%d7%98%d7%99%d7%99%d7%9c-%d7%91%d7%a8%d7%9e%d7%aa-%d7%94%d7%a0%d7%92%d7%91/%d7%9c%d7%99%d7%a0%d7%94/%d7%91%d7%aa%d7%99-%d7%9e%d7%9c%d7%95%d7%9f/
ramonhotel@gmail.com,ramonhotel@gmail.com,"מלון סוויטות רמון",,,http://rng.org.il/%d7%9c%d7%98%d7%99%d7%99%d7%9c-%d7%91%d7%a8%d7%9e%d7%aa-%d7%94%d7%a0%d7%92%d7%91/%d7%9c%d7%99%d7%a0%d7%94/%d7%91%d7%aa%d7%99-%d7%9e%d7%9c%d7%95%d7%9f/
cafejon10@gmail.com,cafejon10@gmail.com," קלאב רמון",,,http://rng.org.il/%d7%9c%d7%98%d7%99%d7%99%d7%9c-%d7%91%d7%a8%d7%9e%d7%aa-%d7%94%d7%a0%d7%92%d7%91/%d7%9c%d7%99%d7%a0%d7%94/%d7%91%d7%aa%d7%99-%d7%9e%d7%9c%d7%95%d7%9f/
avi_elk@bezeqint.net,avi_elk@bezeqint.net,דרכים,,,http://rng.org.il/%d7%9c%d7%98%d7%99%d7%99%d7%9c-%d7%91%d7%a8%d7%9e%d7%aa-%d7%94%d7%a0%d7%92%d7%91/%d7%9c%d7%99%d7%a0%d7%94/%d7%91%d7%aa%d7%99-%d7%9e%d7%9c%d7%95%d7%9f/
tours@beerotayim.co.il,tours@beerotayim.co.il,"חאן ניצנה",,,http://rng.org.il/%d7%9c%d7%98%d7%99%d7%99%d7%9c-%d7%91%d7%a8%d7%9e%d7%aa-%d7%94%d7%a0%d7%92%d7%91/%d7%9c%d7%99%d7%a0%d7%94/%d7%97%d7%90%d7%a0%d7%99%d7%9d-%d7%95%d7%90%d7%95%d7%94%d7%9c%d7%99-%d7%90%d7%99%d7%a8%d7%95%d7%97/
chai-negev@bezeqint.net,chai-negev@bezeqint.net,"מאהל הסולטן",,,http://rng.org.il/%d7%9c%d7%98%d7%99%d7%99%d7%9c-%d7%91%d7%a8%d7%9e%d7%aa-%d7%94%d7%a0%d7%92%d7%91/%d7%9c%d7%99%d7%a0%d7%94/%d7%97%d7%90%d7%a0%d7%99%d7%9d-%d7%95%d7%90%d7%95%d7%94%d7%9c%d7%99-%d7%90%d7%99%d7%a8%d7%95%d7%97/
sfinat.midbar@gmail.com,sfinat.midbar@gmail.com,"יאהלא – אוהל האירוח הבדואי של סאלם",,,http://rng.org.il/%d7%9c%d7%98%d7%99%d7%99%d7%9c-%d7%91%d7%a8%d7%9e%d7%aa-%d7%94%d7%a0%d7%92%d7%91/%d7%9c%d7%99%d7%a0%d7%94/%d7%97%d7%90%d7%a0%d7%99%d7%9d-%d7%95%d7%90%d7%95%d7%94%d7%9c%d7%99-%d7%90%d7%99%d7%a8%d7%95%d7%97/
shayarot@netvision.net.il,shayarot@netvision.net.il,"חאן בארותיים",,,http://rng.org.il/%d7%9c%d7%98%d7%99%d7%99%d7%9c-%d7%91%d7%a8%d7%9e%d7%aa-%d7%94%d7%a0%d7%92%d7%91/%d7%9c%d7%99%d7%a0%d7%94/%d7%97%d7%90%d7%a0%d7%99%d7%9d-%d7%95%d7%90%d7%95%d7%94%d7%9c%d7%99-%d7%90%d7%99%d7%a8%d7%95%d7%97/
beerot@netvision.net.il,beerot@netvision.net.il,"חאן חי נגב",,,http://rng.org.il/%d7%9c%d7%98%d7%99%d7%99%d7%9c-%d7%91%d7%a8%d7%9e%d7%aa-%d7%94%d7%a0%d7%92%d7%91/%d7%9c%d7%99%d7%a0%d7%94/%d7%97%d7%90%d7%a0%d7%99%d7%9d-%d7%95%d7%90%d7%95%d7%94%d7%9c%d7%99-%d7%90%d7%99%d7%a8%d7%95%d7%97/
mimidbar@gmail.com,mimidbar@gmail.com,"חאן ספינת המדבר",,,http://rng.org.il/%d7%9c%d7%98%d7%99%d7%99%d7%9c-%d7%91%d7%a8%d7%9e%d7%aa-%d7%94%d7%a0%d7%92%d7%91/%d7%9c%d7%99%d7%a0%d7%94/%d7%97%d7%90%d7%a0%d7%99%d7%9d-%d7%95%d7%90%d7%95%d7%94%d7%9c%d7%99-%d7%90%d7%99%d7%a8%d7%95%d7%97/
info@adama.org.il,info@adama.org.il,"חאן השיירות",,,http://rng.org.il/%d7%9c%d7%98%d7%99%d7%99%d7%9c-%d7%91%d7%a8%d7%9e%d7%aa-%d7%94%d7%a0%d7%92%d7%91/%d7%9c%d7%99%d7%a0%d7%94/%d7%97%d7%90%d7%a0%d7%99%d7%9d-%d7%95%d7%90%d7%95%d7%94%d7%9c%d7%99-%d7%90%d7%99%d7%a8%d7%95%d7%97/
hetzbasheket@gmail.com,hetzbasheket@gmail.com,"חניון בארות",,,http://rng.org.il/%d7%9c%d7%98%d7%99%d7%99%d7%9c-%d7%91%d7%a8%d7%9e%d7%aa-%d7%94%d7%a0%d7%92%d7%91/%d7%9c%d7%99%d7%a0%d7%94/%d7%97%d7%90%d7%a0%d7%99%d7%9d-%d7%95%d7%90%d7%95%d7%94%d7%9c%d7%99-%d7%90%d7%99%d7%a8%d7%95%d7%97/
matnat.midbar@gmail.com,matnat.midbar@gmail.com,"חאן מרחב עם",,,http://rng.org.il/%d7%9c%d7%98%d7%99%d7%99%d7%9c-%d7%91%d7%a8%d7%9e%d7%aa-%d7%94%d7%a0%d7%92%d7%91/%d7%9c%d7%99%d7%a0%d7%94/%d7%97%d7%90%d7%a0%d7%99%d7%9d-%d7%95%d7%90%d7%95%d7%94%d7%9c%d7%99-%d7%90%d7%99%d7%a8%d7%95%d7%97/
taula1@walla.com,taula1@walla.com,אדמה,,,http://rng.org.il/%d7%9c%d7%98%d7%99%d7%99%d7%9c-%d7%91%d7%a8%d7%9e%d7%aa-%d7%94%d7%a0%d7%92%d7%91/%d7%9c%d7%99%d7%a0%d7%94/%d7%97%d7%90%d7%a0%d7%99%d7%9d-%d7%95%d7%90%d7%95%d7%94%d7%9c%d7%99-%d7%90%d7%99%d7%a8%d7%95%d7%97/
desertloft@gmail.com,desertloft@gmail.com,"האוהל של עיד",,,http://rng.org.il/%d7%9c%d7%98%d7%99%d7%99%d7%9c-%d7%91%d7%a8%d7%9e%d7%aa-%d7%94%d7%a0%d7%92%d7%91/%d7%9c%d7%99%d7%a0%d7%94/%d7%97%d7%90%d7%a0%d7%99%d7%9d-%d7%95%d7%90%d7%95%d7%94%d7%9c%d7%99-%d7%90%d7%99%d7%a8%d7%95%d7%97/
,,"חץ בשקט",,,http://rng.org.il/%d7%9c%d7%98%d7%99%d7%99%d7%9c-%d7%91%d7%a8%d7%9e%d7%aa-%d7%94%d7%a0%d7%92%d7%91/%d7%9c%d7%99%d7%a0%d7%94/%d7%97%d7%90%d7%a0%d7%99%d7%9d-%d7%95%d7%90%d7%95%d7%94%d7%9c%d7%99-%d7%90%d7%99%d7%a8%d7%95%d7%97/
,,"חאן מתנת מדבר",,,http://rng.org.il/%d7%9c%d7%98%d7%99%d7%99%d7%9c-%d7%91%d7%a8%d7%9e%d7%aa-%d7%94%d7%a0%d7%92%d7%91/%d7%9c%d7%99%d7%a0%d7%94/%d7%97%d7%90%d7%a0%d7%99%d7%9d-%d7%95%d7%90%d7%95%d7%94%d7%9c%d7%99-%d7%90%d7%99%d7%a8%d7%95%d7%97/
,,"הכפר הנסתר – אירוח בדואי בכפר אריכא",,,http://rng.org.il/%d7%9c%d7%98%d7%99%d7%99%d7%9c-%d7%91%d7%a8%d7%9e%d7%aa-%d7%94%d7%a0%d7%92%d7%91/%d7%9c%d7%99%d7%a0%d7%94/%d7%97%d7%90%d7%a0%d7%99%d7%9d-%d7%95%d7%90%d7%95%d7%94%d7%9c%d7%99-%d7%90%d7%99%d7%a8%d7%95%d7%97/
,,צ'אקרה,,,http://rng.org.il/%d7%9c%d7%98%d7%99%d7%99%d7%9c-%d7%91%d7%a8%d7%9e%d7%aa-%d7%94%d7%a0%d7%92%d7%91/%d7%9c%d7%99%d7%a0%d7%94/%d7%97%d7%90%d7%a0%d7%99%d7%9d-%d7%95%d7%90%d7%95%d7%94%d7%9c%d7%99-%d7%90%d7%99%d7%a8%d7%95%d7%97/
,,"רוח האירוח",,,http://rng.org.il/%d7%9c%d7%98%d7%99%d7%99%d7%9c-%d7%91%d7%a8%d7%9e%d7%aa-%d7%94%d7%a0%d7%92%d7%91/%d7%9c%d7%99%d7%a0%d7%94/%d7%97%d7%90%d7%a0%d7%99%d7%9d-%d7%95%d7%90%d7%95%d7%94%d7%9c%d7%99-%d7%90%d7%99%d7%a8%d7%95%d7%97/
zivsharon1@walla.co.il,zivsharon1@walla.co.il,"פנטזיה במדבר",,,http://rng.org.il/%d7%9c%d7%98%d7%99%d7%99%d7%9c-%d7%91%d7%a8%d7%9e%d7%aa-%d7%94%d7%a0%d7%92%d7%91/%d7%9c%d7%99%d7%a0%d7%94/%d7%a6%d7%99%d7%9e%d7%a8%d7%99%d7%9d-%d7%95%d7%97%d7%93%d7%a8%d7%99-%d7%90%d7%99%d7%a8%d7%95%d7%97/%d7%91%d7%90%d7%a8-%d7%9e%d7%99%d7%9c%d7%9b%d7%94/
eruham@gmail.com,eruham@gmail.com,"נוף מדבר- צימרים בירוחם",,,http://rng.org.il/%d7%9c%d7%98%d7%99%d7%99%d7%9c-%d7%91%d7%a8%d7%9e%d7%aa-%d7%94%d7%a0%d7%92%d7%91/%d7%9c%d7%99%d7%a0%d7%94/%d7%a6%d7%99%d7%9e%d7%a8%d7%99%d7%9d-%d7%95%d7%97%d7%93%d7%a8%d7%99-%d7%90%d7%99%d7%a8%d7%95%d7%97/%d7%99%d7%a8%d7%95%d7%97%d7%9d/
nattishlomi@gmail.com,nattishlomi@gmail.com,"מדרשת ""ביחד""",,,http://rng.org.il/%d7%9c%d7%98%d7%99%d7%99%d7%9c-%d7%91%d7%a8%d7%9e%d7%aa-%d7%94%d7%a0%d7%92%d7%91/%d7%9c%d7%99%d7%a0%d7%94/%d7%a6%d7%99%d7%9e%d7%a8%d7%99%d7%9d-%d7%95%d7%97%d7%93%d7%a8%d7%99-%d7%90%d7%99%d7%a8%d7%95%d7%97/%d7%99%d7%a8%d7%95%d7%97%d7%9d/
wolff.yerucham@gmail.com,wolff.yerucham@gmail.com,אירוחם,,,http://rng.org.il/%d7%9c%d7%98%d7%99%d7%99%d7%9c-%d7%91%d7%a8%d7%9e%d7%aa-%d7%94%d7%a0%d7%92%d7%91/%d7%9c%d7%99%d7%a0%d7%94/%d7%a6%d7%99%d7%9e%d7%a8%d7%99%d7%9d-%d7%95%d7%97%d7%93%d7%a8%d7%99-%d7%90%d7%99%d7%a8%d7%95%d7%97/%d7%99%d7%a8%d7%95%d7%97%d7%9d/
,,"בית צעירים בירוחם וצימר חצב",,,http://rng.org.il/%d7%9c%d7%98%d7%99%d7%99%d7%9c-%d7%91%d7%a8%d7%9e%d7%aa-%d7%94%d7%a0%d7%92%d7%91/%d7%9c%d7%99%d7%a0%d7%94/%d7%a6%d7%99%d7%9e%d7%a8%d7%99%d7%9d-%d7%95%d7%97%d7%93%d7%a8%d7%99-%d7%90%d7%99%d7%a8%d7%95%d7%97/%d7%99%d7%a8%d7%95%d7%97%d7%9d/
,,"צימרים בירוחם",,,http://rng.org.il/%d7%9c%d7%98%d7%99%d7%99%d7%9c-%d7%91%d7%a8%d7%9e%d7%aa-%d7%94%d7%a0%d7%92%d7%91/%d7%9c%d7%99%d7%a0%d7%94/%d7%a6%d7%99%d7%9e%d7%a8%d7%99%d7%9d-%d7%95%d7%97%d7%93%d7%a8%d7%99-%d7%90%d7%99%d7%a8%d7%95%d7%97/%d7%99%d7%a8%d7%95%d7%97%d7%9d/
,,"בין מכתש לאגם",,,http://rng.org.il/%d7%9c%d7%98%d7%99%d7%99%d7%9c-%d7%91%d7%a8%d7%9e%d7%aa-%d7%94%d7%a0%d7%92%d7%91/%d7%9c%d7%99%d7%a0%d7%94/%d7%a6%d7%99%d7%9e%d7%a8%d7%99%d7%9d-%d7%95%d7%97%d7%93%d7%a8%d7%99-%d7%90%d7%99%d7%a8%d7%95%d7%97/%d7%99%d7%a8%d7%95%d7%97%d7%9d/
desert.view.studio@gmail.com,desert.view.studio@gmail.com,"סטודיו נוף מדבר",,,http://rng.org.il/%d7%9c%d7%98%d7%99%d7%99%d7%9c-%d7%91%d7%a8%d7%9e%d7%aa-%d7%94%d7%a0%d7%92%d7%91/%d7%9c%d7%99%d7%a0%d7%94/%d7%a6%d7%99%d7%9e%d7%a8%d7%99%d7%9d-%d7%95%d7%97%d7%93%d7%a8%d7%99-%d7%90%d7%99%d7%a8%d7%95%d7%97/%d7%9e%d7%93%d7%a8%d7%a9%d7%aa-%d7%91%d7%9f-%d7%92%d7%95%d7%a8%d7%99%d7%95%d7%9f/
villaadama@gmail.com,villaadama@gmail.com,"וילה אדמה",,,http://rng.org.il/%d7%9c%d7%98%d7%99%d7%99%d7%9c-%d7%91%d7%a8%d7%9e%d7%aa-%d7%94%d7%a0%d7%92%d7%91/%d7%9c%d7%99%d7%a0%d7%94/%d7%a6%d7%99%d7%9e%d7%a8%d7%99%d7%9d-%d7%95%d7%97%d7%93%d7%a8%d7%99-%d7%90%d7%99%d7%a8%d7%95%d7%97/%d7%9e%d7%93%d7%a8%d7%a9%d7%aa-%d7%91%d7%9f-%d7%92%d7%95%d7%a8%d7%99%d7%95%d7%9f/
zimmerester@gmail.com,zimmerester@gmail.com,"אצלנו במדבר",,,http://rng.org.il/%d7%9c%d7%98%d7%99%d7%99%d7%9c-%d7%91%d7%a8%d7%9e%d7%aa-%d7%94%d7%a0%d7%92%d7%91/%d7%9c%d7%99%d7%a0%d7%94/%d7%a6%d7%99%d7%9e%d7%a8%d7%99%d7%9d-%d7%95%d7%97%d7%93%d7%a8%d7%99-%d7%90%d7%99%d7%a8%d7%95%d7%97/%d7%9e%d7%93%d7%a8%d7%a9%d7%aa-%d7%91%d7%9f-%d7%92%d7%95%d7%a8%d7%99%d7%95%d7%9f/
hadaryu@gmail.com,hadaryu@gmail.com,"הדר במדבר",,,http://rng.org.il/%d7%9c%d7%98%d7%99%d7%99%d7%9c-%d7%91%d7%a8%d7%9e%d7%aa-%d7%94%d7%a0%d7%92%d7%91/%d7%9c%d7%99%d7%a0%d7%94/%d7%a6%d7%99%d7%9e%d7%a8%d7%99%d7%9d-%d7%95%d7%97%d7%93%d7%a8%d7%99-%d7%90%d7%99%d7%a8%d7%95%d7%97/%d7%9e%d7%93%d7%a8%d7%a9%d7%aa-%d7%91%d7%9f-%d7%92%d7%95%d7%a8%d7%99%d7%95%d7%9f/
meidan59@gmail.com,meidan59@gmail.com,"""גוון רומי"" במדבר",,,http://rng.org.il/%d7%9c%d7%98%d7%99%d7%99%d7%9c-%d7%91%d7%a8%d7%9e%d7%aa-%d7%94%d7%a0%d7%92%d7%91/%d7%9c%d7%99%d7%a0%d7%94/%d7%a6%d7%99%d7%9e%d7%a8%d7%99%d7%9d-%d7%95%d7%97%d7%93%d7%a8%d7%99-%d7%90%d7%99%d7%a8%d7%95%d7%97/%d7%9e%d7%93%d7%a8%d7%a9%d7%aa-%d7%91%d7%9f-%d7%92%d7%95%d7%a8%d7%99%d7%95%d7%9f/
ebaguy10@gmail.com,ebaguy10@gmail.com,"אירוח בגיא",,,http://rng.org.il/%d7%9c%d7%98%d7%99%d7%99%d7%9c-%d7%91%d7%a8%d7%9e%d7%aa-%d7%94%d7%a0%d7%92%d7%91/%d7%9c%d7%99%d7%a0%d7%94/%d7%a6%d7%99%d7%9e%d7%a8%d7%99%d7%9d-%d7%95%d7%97%d7%93%d7%a8%d7%99-%d7%90%d7%99%d7%a8%d7%95%d7%97/%d7%9e%d7%93%d7%a8%d7%a9%d7%aa-%d7%91%d7%9f-%d7%92%d7%95%d7%a8%d7%99%d7%95%d7%9f/
helainewroll@gmail.com,helainewroll@gmail.com,"תכלת במדבר- הצימר",,,http://rng.org.il/%d7%9c%d7%98%d7%99%d7%99%d7%9c-%d7%91%d7%a8%d7%9e%d7%aa-%d7%94%d7%a0%d7%92%d7%91/%d7%9c%d7%99%d7%a0%d7%94/%d7%a6%d7%99%d7%9e%d7%a8%d7%99%d7%9d-%d7%95%d7%97%d7%93%d7%a8%d7%99-%d7%90%d7%99%d7%a8%d7%95%d7%97/%d7%9e%d7%93%d7%a8%d7%a9%d7%aa-%d7%91%d7%9f-%d7%92%d7%95%d7%a8%d7%99%d7%95%d7%9f/
margou@015.net.il,margou@015.net.il," הצימרים של מרגו",,,http://rng.org.il/%d7%9c%d7%98%d7%99%d7%99%d7%9c-%d7%91%d7%a8%d7%9e%d7%aa-%d7%94%d7%a0%d7%92%d7%91/%d7%9c%d7%99%d7%a0%d7%94/%d7%a6%d7%99%d7%9e%d7%a8%d7%99%d7%9d-%d7%95%d7%97%d7%93%d7%a8%d7%99-%d7%90%d7%99%d7%a8%d7%95%d7%97/%d7%9e%d7%93%d7%a8%d7%a9%d7%aa-%d7%91%d7%9f-%d7%92%d7%95%d7%a8%d7%99%d7%95%d7%9f/
dana34@bezeqint.net,dana34@bezeqint.net,"זמן מדבר",,,http://rng.org.il/%d7%9c%d7%98%d7%99%d7%99%d7%9c-%d7%91%d7%a8%d7%9e%d7%aa-%d7%94%d7%a0%d7%92%d7%91/%d7%9c%d7%99%d7%a0%d7%94/%d7%a6%d7%99%d7%9e%d7%a8%d7%99%d7%9d-%d7%95%d7%97%d7%93%d7%a8%d7%99-%d7%90%d7%99%d7%a8%d7%95%d7%97/%d7%9e%d7%93%d7%a8%d7%a9%d7%aa-%d7%91%d7%9f-%d7%92%d7%95%d7%a8%d7%99%d7%95%d7%9f/
oliviafreddy@gmail.com,oliviafreddy@gmail.com,למדבר,,,http://rng.org.il/%d7%9c%d7%98%d7%99%d7%99%d7%9c-%d7%91%d7%a8%d7%9e%d7%aa-%d7%94%d7%a0%d7%92%d7%91/%d7%9c%d7%99%d7%a0%d7%94/%d7%a6%d7%99%d7%9e%d7%a8%d7%99%d7%9d-%d7%95%d7%97%d7%93%d7%a8%d7%99-%d7%90%d7%99%d7%a8%d7%95%d7%97/%d7%9e%d7%93%d7%a8%d7%a9%d7%aa-%d7%91%d7%9f-%d7%92%d7%95%d7%a8%d7%99%d7%95%d7%9f/
makombatzel1@gmaill.com,makombatzel1@gmaill.com," מקום בצל",,,http://rng.org.il/%d7%9c%d7%98%d7%99%d7%99%d7%9c-%d7%91%d7%a8%d7%9e%d7%aa-%d7%94%d7%a0%d7%92%d7%91/%d7%9c%d7%99%d7%a0%d7%94/%d7%a6%d7%99%d7%9e%d7%a8%d7%99%d7%9d-%d7%95%d7%97%d7%93%d7%a8%d7%99-%d7%90%d7%99%d7%a8%d7%95%d7%97/%d7%9e%d7%93%d7%a8%d7%a9%d7%aa-%d7%91%d7%9f-%d7%92%d7%95%d7%a8%d7%99%d7%95%d7%9f/
johnjkrivine@yahoo.com,johnjkrivine@yahoo.com,"צימר קריבין",,,http://rng.org.il/%d7%9c%d7%98%d7%99%d7%99%d7%9c-%d7%91%d7%a8%d7%9e%d7%aa-%d7%94%d7%a0%d7%92%d7%91/%d7%9c%d7%99%d7%a0%d7%94/%d7%a6%d7%99%d7%9e%d7%a8%d7%99%d7%9d-%d7%95%d7%97%d7%93%d7%a8%d7%99-%d7%90%d7%99%d7%a8%d7%95%d7%97/%d7%9e%d7%93%d7%a8%d7%a9%d7%aa-%d7%91%d7%9f-%d7%92%d7%95%d7%a8%d7%99%d7%95%d7%9f/
pezarker1@012.net.il,pezarker1@012.net.il,"אורנג' ספוט",,,http://rng.org.il/%d7%9c%d7%98%d7%99%d7%99%d7%9c-%d7%91%d7%a8%d7%9e%d7%aa-%d7%94%d7%a0%d7%92%d7%91/%d7%9c%d7%99%d7%a0%d7%94/%d7%a6%d7%99%d7%9e%d7%a8%d7%99%d7%9d-%d7%95%d7%97%d7%93%d7%a8%d7%99-%d7%90%d7%99%d7%a8%d7%95%d7%97/%d7%9e%d7%a6%d7%a4%d7%94-%d7%a8%d7%9e%d7%95%d7%9f/
Don@gmail.co.il,Don@gmail.co.il,"ארבע צימרים",,,http://rng.org.il/%d7%9c%d7%98%d7%99%d7%99%d7%9c-%d7%91%d7%a8%d7%9e%d7%aa-%d7%94%d7%a0%d7%92%d7%91/%d7%9c%d7%99%d7%a0%d7%94/%d7%a6%d7%99%d7%9e%d7%a8%d7%99%d7%9d-%d7%95%d7%97%d7%93%d7%a8%d7%99-%d7%90%d7%99%d7%a8%d7%95%d7%97/%d7%9e%d7%a6%d7%a4%d7%94-%d7%a8%d7%9e%d7%95%d7%9f/
hchen@netvision.net.il,hchen@netvision.net.il," בית במדבר",,,http://rng.org.il/%d7%9c%d7%98%d7%99%d7%99%d7%9c-%d7%91%d7%a8%d7%9e%d7%aa-%d7%94%d7%a0%d7%92%d7%91/%d7%9c%d7%99%d7%a0%d7%94/%d7%a6%d7%99%d7%9e%d7%a8%d7%99%d7%9d-%d7%95%d7%97%d7%93%d7%a8%d7%99-%d7%90%d7%99%d7%a8%d7%95%d7%97/%d7%9e%d7%a6%d7%a4%d7%94-%d7%a8%d7%9e%d7%95%d7%9f/
guidmi@kravi.net,guidmi@kravi.net,"בוסתן במדבר",,,http://rng.org.il/%d7%9c%d7%98%d7%99%d7%99%d7%9c-%d7%91%d7%a8%d7%9e%d7%aa-%d7%94%d7%a0%d7%92%d7%91/%d7%9c%d7%99%d7%a0%d7%94/%d7%a6%d7%99%d7%9e%d7%a8%d7%99%d7%9d-%d7%95%d7%97%d7%93%d7%a8%d7%99-%d7%90%d7%99%d7%a8%d7%95%d7%97/%d7%9e%d7%a6%d7%a4%d7%94-%d7%a8%d7%9e%d7%95%d7%9f/
alengt1@walla.com,alengt1@walla.com,"האופק המנחה",,,http://rng.org.il/%d7%9c%d7%98%d7%99%d7%99%d7%9c-%d7%91%d7%a8%d7%9e%d7%aa-%d7%94%d7%a0%d7%92%d7%91/%d7%9c%d7%99%d7%a0%d7%94/%d7%a6%d7%99%d7%9e%d7%a8%d7%99%d7%9d-%d7%95%d7%97%d7%93%d7%a8%d7%99-%d7%90%d7%99%d7%a8%d7%95%d7%97/%d7%9e%d7%a6%d7%a4%d7%94-%d7%a8%d7%9e%d7%95%d7%9f/
itayw@gmail.com,itayw@gmail.com," הוילה של אלן ואיילת",,,http://rng.org.il/%d7%9c%d7%98%d7%99%d7%99%d7%9c-%d7%91%d7%a8%d7%9e%d7%aa-%d7%94%d7%a0%d7%92%d7%91/%d7%9c%d7%99%d7%a0%d7%94/%d7%a6%d7%99%d7%9e%d7%a8%d7%99%d7%9d-%d7%95%d7%97%d7%93%d7%a8%d7%99-%d7%90%d7%99%d7%a8%d7%95%d7%97/%d7%9e%d7%a6%d7%a4%d7%94-%d7%a8%d7%9e%d7%95%d7%9f/
gagmidbar@gmail.co,gagmidbar@gmail.co," וילה 900 מטר",,,http://rng.org.il/%d7%9c%d7%98%d7%99%d7%99%d7%9c-%d7%91%d7%a8%d7%9e%d7%aa-%d7%94%d7%a0%d7%92%d7%91/%d7%9c%d7%99%d7%a0%d7%94/%d7%a6%d7%99%d7%9e%d7%a8%d7%99%d7%9d-%d7%95%d7%97%d7%93%d7%a8%d7%99-%d7%90%d7%99%d7%a8%d7%95%d7%97/%d7%9e%d7%a6%d7%a4%d7%94-%d7%a8%d7%9e%d7%95%d7%9f/
alpaca4@gmail.com,alpaca4@gmail.com,"טרמינל צימר בשיכון",,,http://rng.org.il/%d7%9c%d7%98%d7%99%d7%99%d7%9c-%d7%91%d7%a8%d7%9e%d7%aa-%d7%94%d7%a0%d7%92%d7%91/%d7%9c%d7%99%d7%a0%d7%94/%d7%a6%d7%99%d7%9e%d7%a8%d7%99%d7%9d-%d7%95%d7%97%d7%93%d7%a8%d7%99-%d7%90%d7%99%d7%a8%d7%95%d7%97/%d7%9e%d7%a6%d7%a4%d7%94-%d7%a8%d7%9e%d7%95%d7%9f/
,," הנקודה הירוקה",,,http://rng.org.il/%d7%9c%d7%98%d7%99%d7%99%d7%9c-%d7%91%d7%a8%d7%9e%d7%aa-%d7%94%d7%a0%d7%92%d7%91/%d7%9c%d7%99%d7%a0%d7%94/%d7%a6%d7%99%d7%9e%d7%a8%d7%99%d7%9d-%d7%95%d7%97%d7%93%d7%a8%d7%99-%d7%90%d7%99%d7%a8%d7%95%d7%97/%d7%9e%d7%a6%d7%a4%d7%94-%d7%a8%d7%9e%d7%95%d7%9f/
,,"סוכה במדבר",,,http://rng.org.il/%d7%9c%d7%98%d7%99%d7%99%d7%9c-%d7%91%d7%a8%d7%9e%d7%aa-%d7%94%d7%a0%d7%92%d7%91/%d7%9c%d7%99%d7%a0%d7%94/%d7%a6%d7%99%d7%9e%d7%a8%d7%99%d7%9d-%d7%95%d7%97%d7%93%d7%a8%d7%99-%d7%90%d7%99%d7%a8%d7%95%d7%97/%d7%9e%d7%a6%d7%a4%d7%94-%d7%a8%d7%9e%d7%95%d7%9f/
,,"על גג המדבר",,,http://rng.org.il/%d7%9c%d7%98%d7%99%d7%99%d7%9c-%d7%91%d7%a8%d7%9e%d7%aa-%d7%94%d7%a0%d7%92%d7%91/%d7%9c%d7%99%d7%a0%d7%94/%d7%a6%d7%99%d7%9e%d7%a8%d7%99%d7%9d-%d7%95%d7%97%d7%93%d7%a8%d7%99-%d7%90%d7%99%d7%a8%d7%95%d7%97/%d7%9e%d7%a6%d7%a4%d7%94-%d7%a8%d7%9e%d7%95%d7%9f/
,,"צימר עין מור",,,http://rng.org.il/%d7%9c%d7%98%d7%99%d7%99%d7%9c-%d7%91%d7%a8%d7%9e%d7%aa-%d7%94%d7%a0%d7%92%d7%91/%d7%9c%d7%99%d7%a0%d7%94/%d7%a6%d7%99%d7%9e%d7%a8%d7%99%d7%9d-%d7%95%d7%97%d7%93%d7%a8%d7%99-%d7%90%d7%99%d7%a8%d7%95%d7%97/%d7%9e%d7%a6%d7%a4%d7%94-%d7%a8%d7%9e%d7%95%d7%9f/
,,"צימר פאני",,,http://rng.org.il/%d7%9c%d7%98%d7%99%d7%99%d7%9c-%d7%91%d7%a8%d7%9e%d7%aa-%d7%94%d7%a0%d7%92%d7%91/%d7%9c%d7%99%d7%a0%d7%94/%d7%a6%d7%99%d7%9e%d7%a8%d7%99%d7%9d-%d7%95%d7%97%d7%93%d7%a8%d7%99-%d7%90%d7%99%d7%a8%d7%95%d7%97/%d7%9e%d7%a6%d7%a4%d7%94-%d7%a8%d7%9e%d7%95%d7%9f/
,,"צימרים חוות האלפקות",,,http://rng.org.il/%d7%9c%d7%98%d7%99%d7%99%d7%9c-%d7%91%d7%a8%d7%9e%d7%aa-%d7%94%d7%a0%d7%92%d7%91/%d7%9c%d7%99%d7%a0%d7%94/%d7%a6%d7%99%d7%9e%d7%a8%d7%99%d7%9d-%d7%95%d7%97%d7%93%d7%a8%d7%99-%d7%90%d7%99%d7%a8%d7%95%d7%97/%d7%9e%d7%a6%d7%a4%d7%94-%d7%a8%d7%9e%d7%95%d7%9f/
,,"שלוות המדבר",,,http://rng.org.il/%d7%9c%d7%98%d7%99%d7%99%d7%9c-%d7%91%d7%a8%d7%9e%d7%aa-%d7%94%d7%a0%d7%92%d7%91/%d7%9c%d7%99%d7%a0%d7%94/%d7%a6%d7%99%d7%9e%d7%a8%d7%99%d7%9d-%d7%95%d7%97%d7%93%d7%a8%d7%99-%d7%90%d7%99%d7%a8%d7%95%d7%97/%d7%9e%d7%a6%d7%a4%d7%94-%d7%a8%d7%9e%d7%95%d7%9f/
ellachen11@gmail.com,ellachen11@gmail.com,"נקודת חן בעזוז",,,http://rng.org.il/%d7%9c%d7%98%d7%99%d7%99%d7%9c-%d7%91%d7%a8%d7%9e%d7%aa-%d7%94%d7%a0%d7%92%d7%91/%d7%9c%d7%99%d7%a0%d7%94/%d7%a6%d7%99%d7%9e%d7%a8%d7%99%d7%9d-%d7%95%d7%97%d7%93%d7%a8%d7%99-%d7%90%d7%99%d7%a8%d7%95%d7%97/%d7%a2%d7%96%d7%95%d7%96/
spaezuz@gmail.com,spaezuz@gmail.com," ספא צימר עזוז",,,http://rng.org.il/%d7%9c%d7%98%d7%99%d7%99%d7%9c-%d7%91%d7%a8%d7%9e%d7%aa-%d7%94%d7%a0%d7%92%d7%91/%d7%9c%d7%99%d7%a0%d7%94/%d7%a6%d7%99%d7%9e%d7%a8%d7%99%d7%9d-%d7%95%d7%97%d7%93%d7%a8%d7%99-%d7%90%d7%99%d7%a8%d7%95%d7%97/%d7%a2%d7%96%d7%95%d7%96/
Thewellbnb@gmail.com,Thewellbnb@gmail.com,"סטודיו ובקתות טוביאנה",,,http://rng.org.il/%d7%9c%d7%98%d7%99%d7%99%d7%9c-%d7%91%d7%a8%d7%9e%d7%aa-%d7%94%d7%a0%d7%92%d7%91/%d7%9c%d7%99%d7%a0%d7%94/%d7%a6%d7%99%d7%9e%d7%a8%d7%99%d7%9d-%d7%95%d7%97%d7%93%d7%a8%d7%99-%d7%90%d7%99%d7%a8%d7%95%d7%97/%d7%a2%d7%96%d7%95%d7%96/
gilboagolan@gmail.com,gilboagolan@gmail.com,צימרבוס,,,http://rng.org.il/%d7%9c%d7%98%d7%99%d7%99%d7%9c-%d7%91%d7%a8%d7%9e%d7%aa-%d7%94%d7%a0%d7%92%d7%91/%d7%9c%d7%99%d7%a0%d7%94/%d7%a6%d7%99%d7%9e%d7%a8%d7%99%d7%9d-%d7%95%d7%97%d7%93%d7%a8%d7%99-%d7%90%d7%99%d7%a8%d7%95%d7%97/%d7%a2%d7%96%d7%95%d7%96/
,,"צימר בסוף הדרך",,,http://rng.org.il/%d7%9c%d7%98%d7%99%d7%99%d7%9c-%d7%91%d7%a8%d7%9e%d7%aa-%d7%94%d7%a0%d7%92%d7%91/%d7%9c%d7%99%d7%a0%d7%94/%d7%a6%d7%99%d7%9e%d7%a8%d7%99%d7%9d-%d7%95%d7%97%d7%93%d7%a8%d7%99-%d7%90%d7%99%d7%a8%d7%95%d7%97/%d7%a2%d7%96%d7%95%d7%96/
,,"שדה כוכבים",,,http://rng.org.il/%d7%9c%d7%98%d7%99%d7%99%d7%9c-%d7%91%d7%a8%d7%9e%d7%aa-%d7%94%d7%a0%d7%92%d7%91/%d7%9c%d7%99%d7%a0%d7%94/%d7%a6%d7%99%d7%9e%d7%a8%d7%99%d7%9d-%d7%95%d7%97%d7%93%d7%a8%d7%99-%d7%90%d7%99%d7%a8%d7%95%d7%97/%d7%a2%d7%96%d7%95%d7%96/
edidvash@bezeqint.net,edidvash@bezeqint.net,"צימר דבש",,,http://rng.org.il/%d7%9c%d7%98%d7%99%d7%99%d7%9c-%d7%91%d7%a8%d7%9e%d7%aa-%d7%94%d7%a0%d7%92%d7%91/%d7%9c%d7%99%d7%a0%d7%94/%d7%a6%d7%99%d7%9e%d7%a8%d7%99%d7%9d-%d7%95%d7%97%d7%93%d7%a8%d7%99-%d7%90%d7%99%d7%a8%d7%95%d7%97/%d7%a7%d7%93%d7%a9-%d7%91%d7%a8%d7%a0%d7%a2/
Menashey1@walla.com,Menashey1@walla.com,"בקתות רוח מדבר",,,http://rng.org.il/%d7%9c%d7%98%d7%99%d7%99%d7%9c-%d7%91%d7%a8%d7%9e%d7%aa-%d7%94%d7%a0%d7%92%d7%91/%d7%9c%d7%99%d7%a0%d7%94/%d7%a6%d7%99%d7%9e%d7%a8%d7%99%d7%9d-%d7%95%d7%97%d7%93%d7%a8%d7%99-%d7%90%d7%99%d7%a8%d7%95%d7%97/%d7%90%d7%a9%d7%9c%d7%99%d7%9d/
revitals35@walla.co.il,revitals35@walla.co.il,"ניצני מדבר",,,http://rng.org.il/%d7%9c%d7%98%d7%99%d7%99%d7%9c-%d7%91%d7%a8%d7%9e%d7%aa-%d7%94%d7%a0%d7%92%d7%91/%d7%9c%d7%99%d7%a0%d7%94/%d7%a6%d7%99%d7%9e%d7%a8%d7%99%d7%9d-%d7%95%d7%97%d7%93%d7%a8%d7%99-%d7%90%d7%99%d7%a8%d7%95%d7%97/%d7%90%d7%a9%d7%9c%d7%99%d7%9d/
bismutr@bezeqint.net,bismutr@bezeqint.net,צימבר,,,http://rng.org.il/%d7%9c%d7%98%d7%99%d7%99%d7%9c-%d7%91%d7%a8%d7%9e%d7%aa-%d7%94%d7%a0%d7%92%d7%91/%d7%9c%d7%99%d7%a0%d7%94/%d7%a6%d7%99%d7%9e%d7%a8%d7%99%d7%9d-%d7%95%d7%97%d7%93%d7%a8%d7%99-%d7%90%d7%99%d7%a8%d7%95%d7%97/%d7%90%d7%a9%d7%9c%d7%99%d7%9d/
tzimoran@walla.com,tzimoran@walla.com,צימורן,,,http://rng.org.il/%d7%9c%d7%98%d7%99%d7%99%d7%9c-%d7%91%d7%a8%d7%9e%d7%aa-%d7%94%d7%a0%d7%92%d7%91/%d7%9c%d7%99%d7%a0%d7%94/%d7%a6%d7%99%d7%9e%d7%a8%d7%99%d7%9d-%d7%95%d7%97%d7%93%d7%a8%d7%99-%d7%90%d7%99%d7%a8%d7%95%d7%97/%d7%90%d7%a9%d7%9c%d7%99%d7%9d/
rafimizrahi@gmail.com,rafimizrahi@gmail.com,"קרן אור במדבר",,,http://rng.org.il/%d7%9c%d7%98%d7%99%d7%99%d7%9c-%d7%91%d7%a8%d7%9e%d7%aa-%d7%94%d7%a0%d7%92%d7%91/%d7%9c%d7%99%d7%a0%d7%94/%d7%a6%d7%99%d7%9e%d7%a8%d7%99%d7%9d-%d7%95%d7%97%d7%93%d7%a8%d7%99-%d7%90%d7%99%d7%a8%d7%95%d7%97/%d7%90%d7%a9%d7%9c%d7%99%d7%9d/
mitzpe@iyha.org.il,mitzpe@iyha.org.il,"אכסניית נוער מצפה רמון",,,http://rng.org.il/%d7%9c%d7%98%d7%99%d7%99%d7%9c-%d7%91%d7%a8%d7%9e%d7%aa-%d7%94%d7%a0%d7%92%d7%91/%d7%9c%d7%99%d7%a0%d7%94/%d7%90%d7%9b%d7%a1%d7%a0%d7%99%d7%95%d7%aa-%d7%95%d7%91%d7%aa%d7%99-%d7%94%d7%90%d7%a8%d7%97%d7%94/
orders.boker@gmail.com,orders.boker@gmail.com,"ביס""ש שדה בוקר",,,http://rng.org.il/%d7%9c%d7%98%d7%99%d7%99%d7%9c-%d7%91%d7%a8%d7%9e%d7%aa-%d7%94%d7%a0%d7%92%d7%91/%d7%9c%d7%99%d7%a0%d7%94/%d7%90%d7%9b%d7%a1%d7%a0%d7%99%d7%95%d7%aa-%d7%95%d7%91%d7%aa%d7%99-%d7%94%d7%90%d7%a8%d7%97%d7%94/
har@spni.org.il,har@spni.org.il,"ביס""ש הר הנגב",,,http://rng.org.il/%d7%9c%d7%98%d7%99%d7%99%d7%9c-%d7%91%d7%a8%d7%9e%d7%aa-%d7%94%d7%a0%d7%92%d7%91/%d7%9c%d7%99%d7%a0%d7%94/%d7%90%d7%9b%d7%a1%d7%a0%d7%99%d7%95%d7%aa-%d7%95%d7%91%d7%aa%d7%99-%d7%94%d7%90%d7%a8%d7%97%d7%94/
efronilina@sde-boker.org.il,efronilina@sde-boker.org.il,עפרוני,,,http://rng.org.il/%d7%9c%d7%98%d7%99%d7%99%d7%9c-%d7%91%d7%a8%d7%9e%d7%aa-%d7%94%d7%a0%d7%92%d7%91/%d7%9c%d7%99%d7%a0%d7%94/%d7%90%d7%9b%d7%a1%d7%a0%d7%99%d7%95%d7%aa-%d7%95%d7%91%d7%aa%d7%99-%d7%94%d7%90%d7%a8%d7%97%d7%94/
kibbutzimer@email.kms.org.il,kibbutzimer@email.kms.org.il,קיבוצימר,,,http://rng.org.il/%d7%9c%d7%98%d7%99%d7%99%d7%9c-%d7%91%d7%a8%d7%9e%d7%aa-%d7%94%d7%a0%d7%92%d7%91/%d7%9c%d7%99%d7%a0%d7%94/%d7%90%d7%9b%d7%a1%d7%a0%d7%99%d7%95%d7%aa-%d7%95%d7%91%d7%aa%d7%99-%d7%94%d7%90%d7%a8%d7%97%d7%94/
negev@jafi.org,negev@jafi.org,"קהילה חינוכית ניצנה",,,http://rng.org.il/%d7%9c%d7%98%d7%99%d7%99%d7%9c-%d7%91%d7%a8%d7%9e%d7%aa-%d7%94%d7%a0%d7%92%d7%91/%d7%9c%d7%99%d7%a0%d7%94/%d7%90%d7%9b%d7%a1%d7%a0%d7%99%d7%95%d7%aa-%d7%95%d7%91%d7%aa%d7%99-%d7%94%d7%90%d7%a8%d7%97%d7%94/
