http://asakim.golan.org.il/tabid/66/CategoryId/18/Default.aspx,"אירועים והפעלות"
http://asakim.golan.org.il/tabid/66/CategoryId/64/Default.aspx,"אדריכלות, אדריכלים"
http://asakim.golan.org.il/tabid/66/CategoryId/14/Default.aspx,"אומנות ועבודות יד"
http://asakim.golan.org.il/tabid/66/CategoryId/15/Default.aspx,"אופנה והלבשה"
http://asakim.golan.org.il/tabid/66/CategoryId/17/Default.aspx,אטרקציות
http://asakim.golan.org.il/tabid/66/CategoryId/16/Default.aspx,בשרים
http://asakim.golan.org.il/tabid/66/CategoryId/19/Default.aspx,ביטוחים
http://asakim.golan.org.il/tabid/66/CategoryId/20/Default.aspx,"בית וגן"
http://asakim.golan.org.il/tabid/66/CategoryId/21/Default.aspx,"בנייה ושיפוץ"
http://asakim.golan.org.il/tabid/66/CategoryId/22/Default.aspx,בריאות
http://asakim.golan.org.il/tabid/66/CategoryId/23/Default.aspx,"בתי דפוס"
http://asakim.golan.org.il/tabid/66/CategoryId/24/Default.aspx,"בתי קפה ומסעדות"
http://asakim.golan.org.il/tabid/66/CategoryId/63/Default.aspx,"בניית אתרי אינטרנט"
http://asakim.golan.org.il/tabid/66/CategoryId/25/Default.aspx,גינון
http://asakim.golan.org.il/tabid/66/CategoryId/26/Default.aspx,"גרפיקה ועיצוב"
http://asakim.golan.org.il/tabid/66/CategoryId/28/Default.aspx,"הסעות ומוניות"
http://asakim.golan.org.il/tabid/66/CategoryId/29/Default.aspx,"הריון, לידה וילדים"
http://asakim.golan.org.il/tabid/66/CategoryId/27/Default.aspx," הנהלת חשבונות"
http://asakim.golan.org.il/tabid/66/CategoryId/66/Default.aspx,"הדברת מזיקים לכידת נחשים"
http://asakim.golan.org.il/tabid/66/CategoryId/71/Default.aspx,הובלות
http://asakim.golan.org.il/tabid/66/CategoryId/65/Default.aspx,"חימום והסקה"
http://asakim.golan.org.il/tabid/66/CategoryId/32/Default.aspx,זמרים
http://asakim.golan.org.il/tabid/66/CategoryId/30/Default.aspx,וטרינרים
http://asakim.golan.org.il/tabid/66/CategoryId/31/Default.aspx,"וידאו צילום"
http://asakim.golan.org.il/tabid/66/CategoryId/40/Default.aspx,"ייעוץ והכוונה"
http://asakim.golan.org.il/tabid/66/CategoryId/35/Default.aspx,טיולים
http://asakim.golan.org.il/tabid/66/CategoryId/33/Default.aspx,"חקלאות – חומרים וכלים"
http://asakim.golan.org.il/tabid/66/CategoryId/34/Default.aspx,חשמל
http://asakim.golan.org.il/tabid/66/CategoryId/42/Default.aspx," מזון ומשקה"
http://asakim.golan.org.il/tabid/66/CategoryId/41/Default.aspx,"לינה ואירוח"
http://asakim.golan.org.il/tabid/66/CategoryId/36/Default.aspx,"כתיבה ועריכה"
http://asakim.golan.org.il/tabid/66/CategoryId/39/Default.aspx,"יופי וטיפוח"
http://asakim.golan.org.il/tabid/66/CategoryId/38/Default.aspx,"מסגריות – אומנות הברזל"
http://asakim.golan.org.il/tabid/66/CategoryId/47/Default.aspx,"משתלות ופרחים"
http://asakim.golan.org.il/tabid/66/CategoryId/43/Default.aspx,"מוסיקה – אופני הקלטה"
http://asakim.golan.org.il/tabid/66/CategoryId/37/Default.aspx,מחשבים
http://asakim.golan.org.il/tabid/66/CategoryId/44/Default.aspx,מספרות
http://asakim.golan.org.il/tabid/66/CategoryId/68/Default.aspx,"מכבסות וניקוי יבש"
http://asakim.golan.org.il/tabid/66/CategoryId/46/Default.aspx,מתנות
http://asakim.golan.org.il/tabid/66/CategoryId/45/Default.aspx,"מספרות חיות מחמד"
http://asakim.golan.org.il/tabid/66/CategoryId/51/Default.aspx,"ספורט ותנועה"
http://asakim.golan.org.il/tabid/66/CategoryId/67/Default.aspx,סדנאות
http://asakim.golan.org.il/tabid/66/CategoryId/48/Default.aspx,נגריות
http://asakim.golan.org.il/tabid/66/CategoryId/49/Default.aspx,"נדל""ן -תיווך"
http://asakim.golan.org.il/tabid/66/CategoryId/50/Default.aspx,"סופרמרקט/ מינימרקט"
http://asakim.golan.org.il/tabid/66/CategoryId/52/Default.aspx,ספרים
http://asakim.golan.org.il/tabid/66/CategoryId/56/Default.aspx,"עורכי דין וגישור"
http://asakim.golan.org.il/tabid/66/CategoryId/57/Default.aspx,"עיתונות וחדשות"
http://asakim.golan.org.il/tabid/66/CategoryId/60/Default.aspx,"רכב, מוסכים וחלקי חילוף"
http://asakim.golan.org.il/tabid/66/CategoryId/55/Default.aspx,"רפואה משלימה"
http://asakim.golan.org.il/tabid/66/CategoryId/54/Default.aspx,רהיטים
http://asakim.golan.org.il/tabid/66/CategoryId/53/Default.aspx,קייטרינג
http://asakim.golan.org.il/tabid/66/CategoryId/62/Default.aspx,"תשמישי קדושה"
http://asakim.golan.org.il/tabid/66/CategoryId/61/Default.aspx,תכשיטים
http://asakim.golan.org.il/tabid/66/CategoryId/58/Default.aspx,שילוט
http://asakim.golan.org.il/tabid/66/CategoryId/59/Default.aspx,"שירותים עסקיים"
