8,Коньяк,Коньяк
7,Карамель,Карамель
11,Песочный,Песочный
12,Коньяк,Коньяк
13,Ливинг,Ливинг
15,Коттедж,Коттедж
25,Махагон,"Ясень Махагон"
27,"Слоновая кость","Ясень Слоновая кость"
28,Карамель,Карамель
29,Кофе,Кофе
30,Селект,Селект
31,Барокко,Барокко
32,Сахара,Сахара
39,(KHAMSIN),"Хамсин (KHAMSIN)"
47,Saimaa,Saimaa
48,Natural,Natural
49,"Vanilla Matt","Country Vanilla Matt"
51,Oregano,Oregano
53,White,"Super White"
52,Chocolate,"Darc Chocolate"
54,Grey,Grey
56,Red,"Elm Red"
57,Red,"Elm Red"
60,Натур,"Бамбук Натур"
59,Кофе,"Бамбук Кофе"
61,Вулканик,"Дуб Вулканик"
62,"натур Браш","Дуб натур Браш"
66,Cocoa,Cocoa
69,Ванильный,Ванильный
71,(Avalanche),"Аваланж (Avalanche)"
70,"белый (Antique white)","Антик белый (Antique white)"
72,Орех,Орех
80,Прайм,Прайм
82,термо,"прайм термо"
83,масло,"Alaska масло"
86,White,"Carbon White"
89,Натуральный,"Дуб Натуральный"
90,"Крем белый","Ясень Крем белый"
94,Тренд,Тренд
96,Рустик,Рустик
95,Натур,Натур
104,американский,американский
108,Миндаль,Миндаль
111,Кашемир,Кашемир
112,Айс,Айс
119,"Эбенхольц, масло УФ","Дуб Эбенхольц, масло УФ"
120,"Белый, масло УФ","Дуб Белый, масло УФ"
122,"Платина, лак УФ","Дуб Платина, лак УФ"
123,Леон,Леон
125,Севилья,Севилья
124,Майорка,Майорка
126,Верона,Верона
127,Венеция,Венеция
134,Sasso,Sasso
135,Farina,Farina
136,Дуб,Дуб
138,"Клен Арабика","Твердый Клен Арабика"
137,копчёный,копчёный
152,Traditional,Traditional
150,"Шоколад / Dark chocolate","Тёмный Шоколад / Dark chocolate"
153,белый,"Traditional белый"
154,Pearl,Pearl
162,Сахара,Сахара
155,Antique,Antique
163,Британия,Британия
156,"Old grey","Stonewashed Old grey"
164,Церматт,Церматт
165,(ясень),(ясень)
167,темный,темный
166,Эльм,Эльм
170,светлый,светлый
171,Пулито,Пулито
172,покрытия,"без покрытия"
169,Эстато,Эстато
173,Дуб,Дуб
174,Дуб,Дуб
177,Grey,Grey
175,Дуб,Дуб
179,Noce,Noce
181,"Натур Браш","Дуб Натур Браш"
182,Коньяк,"Дуб Коньяк"
183,Коньяк,"Ясень Коньяк"
185,Вайт,"Дуб Вайт"
184,Селект,"Дуб Селект"
191,Натуральный,"Дуб Натуральный"
193,Siena,"Дуб Siena"
194,Elba,"Дуб Elba"
195,Lido,"Дуб Lido"
186,Американский,Американский
197,Натуральный,Натуральный
196,Натур,Натур
198,Олд,"Ноче Олд"
199,Марроне,Марроне
200,Морденте,Морденте
201,Милан,Милан
202,Мурано,Мурано
203,Флоренция,Флоренция
204,Тоскано,Тоскано
205,Кьянти,Кьянти
206,Термо,Термо
212,Рустик,"сортировка Рустик"
214,Натур,"сортировка Натур"
216,шоколад,"Молочный шоколад"
217,"/ Mocca","Мокка / Mocca"
218,"/ Amber","Янтарный / Amber"
221,Traditional,Traditional
222,белый,"Traditional белый"
224,Antique,Antique
223,"Old grey","Stonewashed Old grey"
226,Сахара,Сахара
227,Британия,Британия
229,(ясень),(ясень)
228,Церматт,Церматт
230,Эльм,Эльм
232,Селект,Селект
233,L,L
234,M,M
235,D,D
236,медовый,"Красный медовый"
238,Умеренно-коричневый,"Красный  Умеренно-коричневый"
241,горизонтальный,"Кофе горизонтальный"
242,Натур,Натур
243,Табако,Табако
245,Карамель,Карамель
247,Кемпас,Кемпас
246,Мербау,Мербау
250,Ормозия,Ормозия
252,Кофе,Кофе
253,золото,"Черное золото"
256,Ироко,Ироко
257,дерево,дерево
258,Ятоба,Ятоба
260,Сукупира,Сукупира
261,Кумару,Кумару
262,Сукупира,Сукупира
259,Боссе,Боссе
263,Палисандр,Палисандр
268,(Ипе),(Ипе)
271,Натур,"Бамбук Натур"
267,вишня),"(Бразильская вишня)"
272,Кофе,"Бамбук Кофе"
273,Кемпас,Кемпас
274,Орех,"Каслин Орех"
277,Белый,"Ясень Белый"
276,"Белый 18х120х300-1800","Дуб Белый 18х120х300-1800"
278,"Светлый орех","Ясень Светлый орех"
280,Шоколад,"Ясень Шоколад"
282,европейский,европейский
284,орех,орех
283,Ятоба,Ятоба
286,рустик,рустик
287,клен,клен
288,натур,натур
289,натур,натур
291,Натуральный,"Дуб Натуральный"
290,селект,селект
293,Monaco,"Дуб Monaco"
294,Dante,"Дуб Dante"
295,Bruno,"Дуб Bruno"
298,маркант,"европейский маркант"
303,"Бурбон, масло Черное УФ МОДУЛЬ № 7","Дуб Бурбон, масло Черное УФ МОДУЛЬ № 7"
304,"лак УФ МОДУЛЬ № 13","Дуб лак УФ МОДУЛЬ № 13"
305,"лак УФ МОДУЛЬ № 12","Дуб лак УФ МОДУЛЬ № 12"
361,Рустик,Рустик
364,Радиал,Радиал
366,Рустик,Рустик
367,Стандарт,Стандарт
369,Радиал,Радиал
373,Радиал,Радиал
368,Натур,Натур
370,Рустик,Рустик
375,Натур,"Европейский Натур"
371,Натур,Натур
377,Стандарт,"Европейксий Стандарт"
382,Балау,Балау
383,Ормозия,Ормозия
384,Аутентика,"Дуб Аутентика"
390,Колорадо,Колорадо
385,Коньячный,Коньячный
391,Орех,Орех
392,горная,горная
393,речной,речной
394,белый,белый
404,122,122
397,Саванна,Саванна
405,107,107
406,414,414
407,153,153
434,21х145,21х145
440,"21 x 145","гладкая 21 x 145"
445,мербау,мербау
446,Мербау,Мербау
447,покрытия,покрытия
449,покрытием,покрытием
461,Банкирай,Банкирай
462,Банкирай,Банкирай
465,Американский,Американский
464,Ипе,Ипе
472,шоколад,шоколад
473,Шамбор,Шамбор
474,Пастель,Пастель
476,Ривьера,Ривьера
477,свет,свет
475,Натуральный,Натуральный
478,Жемчужный,Жемчужный
479,шоколад,шоколад
480,Шамбор,Шамбор
508,"Veneto Borgogna","Corium Veneto Borgogna"
481,Пастель,Пастель
509,"Lombardia Antico","Corium Lombardia Antico"
482,Натуральный,Натуральный
510,"Toscana Ruggine","Corium Toscana Ruggine"
514,"Granorte Corium Lombardia Antico","Granorte Granorte Corium Lombardia Antico"
512,"Veneto Seppia","Corium Veneto Seppia"
516,"Granorte Corium Veneto Seppia","Granorte Granorte Corium Veneto Seppia"
517,"Granorte Corium Calabria Vaniglia","Granorte Granorte Corium Calabria Vaniglia"
515,"Granorte Corium Toscana Ruggine","Granorte Granorte Corium Toscana Ruggine"
513,"Granorte Corium Veneto Borgogna","Granorte Granorte Corium Veneto Borgogna"
522,Термоясень,Термоясень
521,Термоясень,Термоясень
523,Термоясень,Термоясень
524,ванной,ванной
525,ванной,ванной
526,ванной,ванной
527,ванной,ванной
531,Дуб,Дуб
532,Ясень,Ясень
536,"- StrongAir Elite+","unique - StrongAir Elite+"
534,Бук,Бук
535,Дуб,Дуб
537,"- StrongAir Elite+","natur - StrongAir Elite+"
539,"- StrongAir Elite","natur - StrongAir Elite"
538,"- StrongAir Elite","unique - StrongAir Elite"
540,"- SpringAir Elite+","unique - SpringAir Elite+"
544,Черный,Черный
545,Антик,"Черный Антик"
546,Красный,Красный
550,дуб,дуб
551,орех,орех
552,золото,"орех золото"
553,Антрацит,Антрацит
554,Бальзамо,Бальзамо
556,Бесцветный,Бесцветный
557,Белый,Белый
559,Вишня,Вишня
560,Ипе,Ипе
558,Венге,Венге
561,Каштан,Каштан
562,Кемпас,Кемпас
564,Лапачо,Лапачо
565,Лимонный,Лимонный
566,Макоре,Макоре
567,дуб,дуб
569,бруса,бруса
568,бруса,бруса
570,косая,косая
572,Планкен,Планкен
595,американский,американский
573,Планкен,Планкен
574,косая,косая
596,Боссе,Боссе
598,Ипе,Ипе
601,(лак),(лак)
605,Классик,"Ноче Классик"
606,Мербау,Мербау
600,(лак),(лак)
610,Махагон,Махагон
612,заказ,заказ
611,заказ,заказ
613,заказ,заказ
614,заказ,заказ
615,заказ,заказ
617,(рулон),(рулон)
618,мм,"3 мм"
616,мм,"2 мм"
629,паркета,паркета
630,маслом,маслом
632,(матовая),"пробки (матовая)"
634,VDP-130,VDP-130
635,P,P
633,P,P
642,200,200
639,NEW,NEW
644,MB,MB
668,Конго,Конго
660,натур,натур
669,селект,селект
674,"скальный - rovere","Дуб скальный - rovere"
670,натуральный,натуральный
675,"скальный - rovere bianco","Дуб скальный - rovere bianco"
676,"скальный - rovere nero","Дуб скальный - rovere nero"
678,"скальный - rovere olio","Дуб скальный - rovere olio"
684,Нордик,Нордик
687,Шоколад,Шоколад
685,Селект,Селект
688,Ванильный,Ванильный
694,светло-соломенный,светло-соломенный
686,Кремовый,Кремовый
695,светло-соломенный,светло-соломенный
696,брют,"буа брют"
697,брют,"буа брют"
698,темно-коричневый,темно-коричневый
700,Зимний,Зимний
701,Светлый,Светлый
699,Дуб,Дуб
703,Летний,Летний
702,Коричневый,Коричневый
705,Gringo,Gringo
707,nat,nat
708,Country,Country
761,Кумару,Кумару
778,Горная,Горная
769,селект,селект
782,Ванила,Ванила
783,Нордик,Нордик
784,Кофе,Кофе
786,Мускат,Мускат
787,Прайм,Прайм
788,Селект,Селект
785,Белый,Белый
789,Натур,Натур
791,Селект,Селект
805,Сукупира,Сукупира
809,Castle,Castle
806,Натур,Натур
810,King,King
811,Queen,Queen
814,Ypsos,Ypsos
816,Silver,Silver
817,Naturo,Naturo
815,White,White
818,Canyon,Canyon
819,Бук,Бук
820,Камбала,Камбала
821,Вишня,Вишня
822,Клен,Клен
823,Венге,Венге
826,420х70х15,420х70х15
824,420х70х15,420х70х15
828,420х70х15,420х70х15
831,"срез Nature","поперечный срез Nature"
832,Nature,"бук Nature"
840,"под заказ","Экономи под заказ"
833,Natur,"бук Natur"
839,Зебрано,Зебрано
841,"под заказ","Экономи под заказ"
842,Люкс,Люкс
843,R-30,"Люкс R-30"
844,Американский,Американский
845,Американский,Американский
884,королевский,королевский
885,золотой,золотой
888,полярный,полярный
895,прованс,прованс
894,прованс,прованс
896,прованс,прованс
897,прованс,прованс
898,прованс,прованс
886,янтарный,янтарный
918,Норвежский,Норвежский
916,Прованс,Прованс
915,Натур,Натур
924,Дуб,Дуб
917,Серый,Серый
925,Дуб,Дуб
940,600-800х100х22,600-800х100х22
948,Кофе,Кофе
950,патина,патина
963,Зебрано,Зебрано
949,Копченый,Копченый
962,Венге,Венге
964,лапачо,лапачо
966,Вишня,Вишня
965,Олива,Олива
986,Лиственница,Лиственница
985,рустик,рустик
1032,915,915
1033,918,918
1014,Бук,Бук
1036,элегантный,элегантный
1037,империал,империал
1039,благородный,благородный
1056,Ятоба,Ятоба
1058,Массарандуба,Массарандуба
1038,декоративный,декоративный
1060,Сукупира,Сукупира
1062,покрытия),покрытия)
1063,покрытия),покрытия)
1064,покрытия),покрытия)
1065,покрытия),покрытия)
1070,мм,"1500x130x18 мм"
1081,Коттедж,Коттедж
1093,(Ipe),(Ipe)
1090,(Cumaru),(Cumaru)
1104,Пальма,Пальма
1102,Кофе,Кофе
1105,пропаренный,"элеганс пропаренный"
1096,FROST,FROST
1107,элеганс,элеганс
1111,Мербау,Мербау
1113,Дуссие,Дуссие
1114,(лак),(лак)
1120,Sarek,Sarek
1145,"Отборн. 20* 130-150*500-2000 мм","Натур Отборн. 20* 130-150*500-2000 мм"
1146,"Отборн. 20* 170*500-2000 мм","Натур Отборн. 20* 170*500-2000 мм"
1144,"Отборн. 20* 120*500-2000 мм","Натур Отборн. 20* 120*500-2000 мм"
1121,Abisko,Abisko
1152,420?70?15мм,"радиал 420?70?15мм"
1147,"20* 120*500-2000 мм","Натур  20* 120*500-2000 мм"
1148,"20* 130-150*500-2000 мм","Натур  20* 130-150*500-2000 мм"
1155,Татачуба,Татачуба
1156,Татачуба,Татачуба
1159,Коттедж,Коттедж
1157,Татачуба,Татачуба
1162,Коньяк,Коньяк
1158,Натур,Натур
1177,"канадский селект лак","Клён канадский селект лак"
1160,Шоколад,Шоколад
1166,Ятоба,Ятоба
1180,Eben,Eben
1185,Cognac,Cognac
1179,Тик,Тик
1178,американский,"Вишня американский"
1175,"американский Натур","Орех американский Натур"
1187,wash,"White wash"
1192,Риспетто,Риспетто
1191,Фореста,Фореста
1194,Миеле,"Бьянко Миеле"
1174,"американский Селект","Орех американский Селект"
1198,Черный,Черный
1195,Карамель,"Бьянки Карамель"
1193,Айсберг,Айсберг
1197,Готик,Готик
1199,орех,"Светлый орех"
1200,орех,"Темный орех"
1201,Ясень,Ясень
1196,Аффумикато,Аффумикато
1202,Жемчуг,"Розовый Жемчуг"
1205,Вереск,Вереск
1203,Бриз,Бриз
1204,Грей,Грей
1206,Нордик,Нордик
1231,Snow,Snow
1230,Farina,Farina
1207,Полярный,Полярный
1208,Жемчужный,Жемчужный
1228,Дуб,Дуб
1229,Дуб,Дуб
1241,Avorio,Avorio
1239,Crema,Crema
1242,Sasso,Sasso
1233,Farina,Farina
1232,американская,американская
1243,канадский,канадский
1246,Gold,Gold
1249,"лак УФ МОДУЛЬ № 11","Дуб лак УФ МОДУЛЬ № 11"
1244,селект,селект
1238,Копчёный,Копчёный
1245,Avorio,Avorio
1254,"Антик, морёный, масло OSMO МОДУЛЬ №11","Дуб Антик, морёный, масло OSMO МОДУЛЬ №11"
1252,"Антик, морёный, масло OSMO МОДУЛЬ № 11","Дуб Антик, морёный, масло OSMO МОДУЛЬ № 11"
1255,"Антик, морёный, масло Черное OSMO МОДУЛЬ № 2","Дуб Антик, морёный, масло Черное OSMO МОДУЛЬ № 2"
1253,"Антик, морёный, масло OSMO МОДУЛЬ № 2","Дуб Антик, морёный, масло OSMO МОДУЛЬ № 2"
1259,"морёный, лак УФ МОДУЛЬ № 2","Дуб морёный, лак УФ МОДУЛЬ № 2"
1260,"морёный, масло OSMO МОДУЛЬ № 3","Дуб морёный, масло OSMO МОДУЛЬ № 3"
1303,Арктика,Арктика
1305,Сад,Сад
1316,белый,"Копченый белый"
1320,Латте,Латте
1314,Селект,"Браш Селект"
1323,Капучино,Капучино
1319,Антик,Антик
1321,Робусто,Робусто
1324,Милк,Милк
1326,Барокко,Барокко
1327,Сахара,Сахара
1329,Сапеле,Сапеле
1325,Белый,Белый
1347,Хони,Хони
1348,Бренди,Бренди
1333,City,City
1337,Натур,"красный Натур"
1346,Какао,Какао
1343,Антик,Антик
1356,Ascania,Ascania
1359,Орегон,Орегон
1360,"ривьера (French Riviera)","Французская ривьера (French Riviera)"
1361,Розовый,Розовый
1380,Бук,Бук
1378,(Ясень),(Ясень)
1389,Коньячный,Коньячный
1386,Королевский,Королевский
1383,канадский,канадский
1381,Ясень,Ясень
1382,Дуб,Дуб
1379,(Дуб),(Дуб)
1385,Робусто,Робусто
1387,Шёлк,"Белый Шёлк"
1384,Белый,"Копченый Белый"
1394,Шоколад,Шоколад
1388,Дымчатый,Дымчатый
1390,Термо,Термо
1408,Уран,Уран
1406,Луна,Луна
1396,Шоколад,Шоколад
1393,Американский,Американский
1395,Натур,Натур
1403,Американский,Американский
1435,НМЦ/Б,"Frost НМЦ/Б"
1433,"Cloud НМБ/Б","Thunder Cloud НМБ/Б"
1432,"Marble СЛ","White Marble СЛ"
1416,Орегон,Орегон
1407,Марс,Марс
1414,Коттедж,Коттедж
1446,Махагон,"Дуб Махагон"
1440,"Натур лак","Ясень Натур лак"
1434,"Mist НМЦ/Б","Silver Mist НМЦ/Б"
1439,Капучино,"Ясень Капучино"
1441,"Селект лак","Ясень Селект лак"
1442,Коньяк,"Ясень Коньяк"
1443,Миндаль,"Дуб Миндаль"
1449,Шампань,"Дуб Шампань"
1447,Мускат,"Дуб Мускат"
1444,Жемчужный,"Ясень Жемчужный"
1445,Бурбон,"Дуб Бурбон"
1453,Шоколад,"Ясень Шоколад"
1452,"Натур лак","Ясень Натур лак"
1454,кофе,"Ясень кофе"
1451,Капучино,"Дуб Капучино"
1456,Экстра,"Дуб Экстра"
1461,белый,"Копченый белый"
1458,Жемчуг,Жемчуг
1460,Арктик,Арктик
1468,"Ebony Brush","Дуб Ebony Brush"
1465,Village,"Ясень Village"
1467,Antique,"Дуб Antique"
1462,Серебро,Серебро
1477,"Ebony Pores","Дуб Ebony Pores"
1478,"Antique  UV-Oil","Дуб Antique  UV-Oil"
1482,(LEVANTE),"Леванте (LEVANTE)"
1487,(BORA),"Бора (BORA)"
1494,(CALIMA),"Калима (CALIMA)"
1488,(CALIMA),"Калима (CALIMA)"
1505,Espresso,Espresso
1503,Mocca,Mocca
1500,Bianco,Bianco
1509,Muffin,"Marzipan Muffin"
1504,Honey,Honey
1508,Song,"Banana Song"
1510,Cappucino,Cappucino
1515,Pepper,"Black Pepper"
1519,Select,Select
1530,Grey,"Shadow Grey"
1532,"Stonewashed Ivory","Aged Stonewashed Ivory"
1520,Stonewashed,"Ivory Stonewashed"
1526,Matt,"Select Matt"
1522,Natur,Natur
1518,Antique,Antique
1533,Grey,"Promenade Grey"
1538,Вайт,"Дуб Вайт"
1540,"селект Браш","Дуб селект Браш"
1536,Арктик,"Ясень Арктик"
1535,Арктик,"Дуб Арктик"
1544,"Антик Блэк","Дуб Антик Блэк"
1543,Экспрешен,"Дуб Экспрешен"
1542,Коттедж,"Дуб Коттедж"
1537,Айс,"Ясень Айс"
1541,Коньяк,"Дуб Коньяк"
1539,Селект,"Дуб Селект"
1558,"матовый лак","Allegro матовый лак"
1568,"/ Graphite","Графит / Graphite"
1567,лак,"Vivo лак"
1547,Дуссие,Дуссие
1548,Американский,"Орех Американский"
1564,"масло NaturalPlus","Finale  масло NaturalPlus"
1571,"/ Terracotta","Терракота / Terracotta"
1569,"бриз(Norman breeze)","Нормандский бриз(Norman breeze)"
1572,"эстейт / French Estate","Френч эстейт / French Estate"
1576,"кашемир / Grey Cashmere","Серый кашемир / Grey Cashmere"
1573,"белый / Antique white","Антик белый / Antique white"
1581,"шоколад / Milk chocolate","Молочный шоколад / Milk chocolate"
1579,"/ Chestnut","Орех / Chestnut"
1582,"/ Chambord","Шамбор / Chambord"
1578,"/ Natural","Натуральный / Natural"
1580,"орех / Walnut","Бразильский орех / Walnut"
1589,Мербау,Мербау
1583,"/ Pastel","Пастель / Pastel"
1604,70%,"Choco 70%"
1595,прайм,"орех прайм"
1602,термо,"прайм термо"
1593,Мербау,Мербау
1597,Ятоба,Ятоба
1605,100%,"Choco 100%"
1611,Polar,Polar
1608,Gray,Gray
1615,Antarctis,Antarctis
1606,Cream,Cream
1614,White,White
1613,Tundra,Tundra
1620,Cognac,Cognac
1622,Eben,Eben
1621,Eben,Eben
1616,Antique,Antique
1617,Arctic,Arctic
1626,"Мокко ТЕРМО","Ясень Мокко ТЕРМО"
1624,Шоколад,"Дуб Шоколад"
1627,"Какао ТЕРМО","Дуб Какао ТЕРМО"
1628,"Коньяк Рустик","Дуб Коньяк Рустик"
1633,"Натуральный рустик","Дуб Натуральный рустик"
1641,"Крем белый","Ясень Крем белый"
1654,Селект,Селект
1668,Угольный,Угольный
1663,"Белая ночь","Дуб Белая ночь"
1662,"Натур масло","Дуб Натур масло"
1653,пропаренный,пропаренный
1661,"Натур лак","Дуб Натур лак"
1664,Арктик,"Дуб Арктик"
1671,"орех (Walnut)","Бразильский орех (Walnut)"
1673,"иней (White Frost)","Белый иней (White Frost)"
1670,(Chestnut),"Орех (Chestnut)"
1666,Селект,"Дуб Селект"
1669,орех,"Бразильский орех"
1667,Селект,"Дуб Селект"
1689,Lumi,Lumi
1672,"шоколад (Dark chocolate)","Тёмный шоколад (Dark chocolate)"
1676,(Natural),"Натуральный (Natural)"
1681,"Live Pure","Andante Live Pure"
1687,Classic,Classic
1675,Натуральный,Натуральный
1705,лак,"сатиновый лак"
1710,лак,"сатиновый лак"
1701,лак,"Сатиновый лак"
1712,масло,масло
1706,масло,масло
1709,лак,"Сатиновый лак"
1727,"Andante матовый лак","американский Andante матовый лак"
1720,"американский City","Орех американский City"
1726,"Andante Сатиновый лак","американский Andante Сатиновый лак"
1734,Прайм,"Орех Прайм"
1724,Select,Select
1737,копчёный,"Слегка копчёный"
1742,Avorio,Avorio
1739,орех,орех
1738,орех,орех
1740,Дуб,Дуб
1744,Verona,"Дуб Verona"
1747,Sasso,Sasso
1748,Канадский,Канадский
1743,Копчёный,Копчёный
1750,канадский,канадский
1752,Avorio,Avorio
1753,пропаренная,пропаренная
1754,Ятоба,Ятоба
1749,Копчёный,Копчёный
1751,Дуб,Дуб
1755,Дуссия,Дуссия
1761,Айс,"Ясень Айс"
1756,копчёный,"Слегка копчёный"
1759,Арктик,"Дуб Арктик"
1767,Ванилла,"Дуб Ванилла"
1757,американский,американский
1764,Бренди,"Дуб Бренди"
1760,"Антик Блэк","Дуб Антик Блэк"
1763,Прованс,"Дуб Прованс"
1766,Орех,"Ясень Орех"
1770,Мербау,Мербау
1777,"бриз(Norman breeze)","Нормандский бриз(Norman breeze)"
1785,"/ Vanilla","Ванильный / Vanilla"
1768,Экспрешен,"Дуб Экспрешен"
1769,Сапели,Сапели
1771,американский,"Орех американский"
1772,Тик,Тик
1783,"/ Chestnut","Орех / Chestnut"
1786,"орех / Walnut","Бразильский орех / Walnut"
1787,"/ Natural","Натуральный / Natural"
1796,Termo,Termo
1795,Champagne,Champagne
1797,Копченый,Копченый
1800,"Серый 2, лак УФ","Дуб Серый 2, лак УФ"
1799,"Натуральный, лак УФ","Дуб Натуральный, лак УФ"
1801,"Белый, лак УФ","Дуб Белый, лак УФ"
1808,"Копченый, натуральное масло OSMO","Дуб Копченый, натуральное масло OSMO"
1802,"Серый 2, масло УФ","Дуб Серый 2, масло УФ"
1807,"Копченый, чёрное масло OSMO","Дуб Копченый, чёрное масло OSMO"
1811,"Белый, патина Белая, лак УФ","Дуб Белый, патина Белая, лак УФ"
1812,"Белый, патина белая, масло УФ","Дуб Белый, патина белая, масло УФ"
1854,Ванильный,Ванильный
1860,Андорра,Андорра
1855,Натуральный,Натуральный
1863,Янтарный,Янтарный
1857,Беленый,Беленый
1859,орех,"Светлый орех"
1856,Ванильный,Ванильный
1858,Коньяк,Коньяк
1864,Классик,"Ноче Классик"
1867,"ди Маре","Креме ди Маре"
1866,Аффумикато,Аффумикато
1865,Шелк,"Белый Шелк"
1861,Карамель,"Бьянки Карамель"
1862,Старинный,Старинный
1868,Вереск,Вереск
1873,Олд,"Ноче Олд"
1870,Полярный,Полярный
1872,Жемчужный,Жемчужный
1869,Нордик,Нордик
1871,Кофе,Кофе
1874,Морроне,Морроне
1877,Айсберг,Айсберг
1876,Морденте,Морденте
1875,Арктик,Арктик
1895,Мурано,Мурано
1892,Палуба,"Укладка Палуба"
1893,Палуба,"Укладка Палуба"
1896,Милан,Милан
1894,Палермо,Палермо
1897,Флоренция,Флоренция
1898,Тоскано,Тоскано
1899,Кьянти,Кьянти
1901,Сицилия,Сицилия
1902,Барселона,Барселона
1900,Неаполь,Неаполь
1903,Валенсия,Валенсия
1910,Капри,Капри
1909,Мадрид,Мадрид
1908,Толедо,Толедо
1905,Витория,Витория
1907,Аликанте,Аликанте
1904,Гранада,Гранада
1906,Мурсия,Мурсия
1918,Умеренно-коричневый,"дуб Умеренно-коричневый"
1919,"Вороненая сталь","дуб Вороненая сталь"
1921,Затмение,"дуб Затмение"
1920,Выбеленный,"дуб Выбеленный"
1925,Натуральный,"дуб Натуральный"
1927,Тень,"дуб Тень"
1930,Coral,Coral
1924,Медовый,"дуб Медовый"
1926,"Мистически Коричневый","дуб Мистически Коричневый"
1928,Шоколад,"дуб Шоколад"
1931,Sand,Sand
1935,Pearl,Pearl
1933,Traditional,Traditional
1953,Ристретто,Ристретто
1936,белый,"Traditional белый"
1932,Nature,Nature
1960,Сен-Бернар,Сен-Бернар
1939,"Old Grey","Stonewashed Old Grey"
1938,Coral,Coral
1934,Antique,Antique
1962,Маттерхорн,Маттерхорн
1963,Люциария,Люциария
1959,Пинью,Пинью
1967,Невшатель,Невшатель
1937,Sand,Sand
1961,Эдельвейс,Эдельвейс
1957,Маджоре,Маджоре
1966,Карбаро,Карбаро
1968,Пилатус,Пилатус
1965,Глетчер,Глетчер
1970,Шварцбрюке,Шварцбрюке
1964,Амаретто,Амаретто
1969,Романдия,Романдия
1987,Dante,"Дуб Dante"
1986,Notte,"Дуб Notte"
1989,Monte,"Дуб Monte"
1992,Sole,"Дуб Sole"
1985,Monaco,"Дуб Monaco"
1991,Carta,"Дуб Carta"
1990,Luna,"Дуб Luna"
2006,Калахари,Калахари
1988,Bruno,"Дуб Bruno"
1995,Афзелия,Афзелия
1993,Fresco,"Дуб Fresco"
2010,Айсберг,Айсберг
2020,Маренго,Маренго
2012,Конго,Конго
2011,Мускат,Мускат
1996,Ипе,Ипе
1997,Венге,Венге
2027,Палермо,Палермо
2025,Неаполь,Неаполь
2026,Сицилия,Сицилия
2024,Миндаль,Миндаль
2016,Натур,Натур
2008,Кофе,Кофе
2036,Витория,Витория
2043,"Слоновая кость","Ясень Слоновая кость"
2044,Капучино,"Ясень Капучино"
2037,Мурсия,Мурсия
2029,Верона,Верона
2022,Каштан,Каштан
2047,"шоколад / Milk chocolate","Молочный шоколад / Milk chocolate"
2049,"/ Chestnut","Орех / Chestnut"
2051,"/ Vanilla","Ванильный / Vanilla"
2048,"/ Pastel","Пастель / Pastel"
2056,Натуральный,"Красный Натуральный"
2057,натур,"Ясень натур"
2069,"Мистически коричневый","Красный Мистически коричневый"
2067,Тень,"Красный Тень"
2066,"Клен Тень","Твердый Клен Тень"
2070,Затмение,"Красный  Затмение"
2063,"Клен Арабика","Твердый Клен Арабика"
2058,натур,"Белый натур"
2076,белый,"Антик белый"
2072,Терракота,Терракота
2071,эстейт,"Френч эстейт"
2073,Орех,Орех
2077,орех,"Бразильский орех"
2078,Орех,Орех
2085,гобелен,"Французский гобелен"
2082,мрамор,"Белый мрамор"
2080,Мускат,Мускат
2075,Натуральный,Натуральный
2083,Графит,Графит
2079,Натуральный,Натуральный
2084,патина,"Античная патина"
2089,Пастель,Пастель
2087,кашемир,"серый кашемир"
2088,Шамбор,Шамбор
2086,Терра,Терра
2081,янтарный,янтарный
2090,Комо,Комо
2093,Аваланж,Аваланж
2095,Угольный,Угольный
2091,свет,"Лунный свет"
2092,Жемчужный,Жемчужный
2096,орех,"Бразильский орех"
2105,"ривьера (French Riviera)","Французская ривьера (French Riviera)"
2097,Орех,Орех
2101,орех,"Бразильский орех"
2104,Мокка,Мокка
2098,Розовый,Розовый
2103,Натуральный,Натуральный
2107,Кашемир,"Серый Кашемир"
2100,белый,"Антик белый"
2106,иней,"Белый  иней"
2110,Карамельный,Карамельный
2108,Шабо,Шабо
2102,Орех,Орех
2127,Аликанте,Аликанте
2130,Мадрид,Мадрид
2111,свет,"Лунный свет"
2109,свет,"Лунный свет"
2112,натур,натур
2125,Тик,Тик
2134,Вербье,Вербье
2136,Смокед,Смокед
2129,Капри,Капри
2128,Толедо,Толедо
2135,Ристретто,Ристретто
2138,Лейкербад,Лейкербад
2137,Андерматт,Андерматт
2142,Сен-Бернар,Сен-Бернар
2143,Эдельвейс,Эдельвейс
2144,Маттерхорн,Маттерхорн
2141,Пиньо,Пиньо
2139,Маджоре,Маджоре
2145,Люциария,Люциария
2146,Амаретто,Амаретто
2140,Мюррен,Мюррен
2149,Невшатель,Невшатель
2151,Романдия,Романдия
2148,Карбаро,Карбаро
2152,Шварцбрюке,Шварцбрюке
2172,"Бренди браш","Дуб Бренди браш"
2147,Глетчер,Глетчер
2153,Амарант,Амарант
2158,палуба,палуба
2161,Кумару,Кумару
2179,"Натур браш","Дуб Натур браш"
2165,тик),"(Бразильский тик)"
2159,Сапеле,Сапеле
2163,Орех,Орех
2162,селект,"дуб селект"
2160,дерево,дерево
2176,"Коньяк браш","Дуб Коньяк браш"
2175,"Беленый браш","Дуб Беленый браш"
2182,"Клауд браш","Дуб Клауд браш"
2178,Милк,"Дуб Милк"
2180,"Клауд браш","Дуб Клауд браш"
2174,Арктик,"Дуб Арктик"
2186,Красный,"Кумару Красный"
2199,Сапеле,Сапеле
2181,Шоколад,"Дуб Шоколад"
2187,Селект,"Дуб Селект"
2188,Термо,"Дуб Термо"
2184,Ипе,Ипе
2202,Бирма,Бирма
2198,"Натур 18х120х300-1800","Дуб Натур 18х120х300-1800"
2200,Средняя,Средняя
2204,Палисандр,Палисандр
2203,селект,"американский селект"
2201,натур,"американский натур"
2209,Ideale,"Дуб Ideale"
2208,Notte,"Дуб Notte"
2211,Carta,"Дуб Carta"
2207,орех,орех
2206,селект,селект
2205,вишня,вишня
2216,Amore,"Дуб Amore"
2217,Viola,"Дуб Viola"
2213,Sole,"Дуб Sole"
2214,Monte,"Дуб Monte"
2210,Fresco,"Дуб Fresco"
2212,Luna,"Дуб Luna"
2220,Deco,"Дуб Deco"
2222,Arena,"Дуб Arena"
2221,Vento,"Дуб Vento"
2218,Amigo,"Дуб Amigo"
2215,Savoy,"Дуб Savoy"
2219,Libro,"Дуб Libro"
2225,Stella,"Дуб Stella"
2224,Novo,"Дуб Novo"
2235,Орех),"(Лаосский Орех)"
2223,Conte,"Дуб Conte"
2236,Балау,Балау
2234,Ормозия,Ормозия
2266,"Бурбон, лак УФ МОДУЛЬ № 4","Дуб Бурбон, лак УФ МОДУЛЬ № 4"
2269,"Бурбон, цвет Баттэрскотч, лак УФ МОДУЛЬ № 2","Дуб Бурбон, цвет Баттэрскотч, лак УФ МОДУЛЬ № 2"
2268,"Бурбон, цвет Баттэрскотч, лак УФ МОДУЛЬ № 2","Дуб Бурбон, цвет Баттэрскотч, лак УФ МОДУЛЬ № 2"
2267,"Бурбон, масло Черное УФ МОДУЛЬ № 3","Дуб Бурбон, масло Черное УФ МОДУЛЬ № 3"
2238,покрытия,покрытия
2240,американская,американская
2369,"клен, мербау)","радиал, клен, мербау)"
2381,"орех, венге)","клен, орех, венге)"
2374,"клен, ясень, венге)","радиал, клен, ясень, венге)"
2312,"клен, мербау, орех)","радиал, клен, мербау, орех)"
2346,мербау),"радиал, мербау)"
2405,Палисандр,Палисандр
2411,Пальма,Пальма
2409,"(Лаосский Орех)","дерево (Лаосский Орех)"
2443,крепостной,крепостной
2442,летний,летний
2447,серебряный,серебряный
2404,селект,селект
2448,рурский,рурский
2451,ориент,ориент
2414,американская,американская
2412,лаком,"под лаком"
2444,мореный,мореный
2445,Венге,Венге
?к,,
2454,табак,табак
2453,рурский,рурский
2455,ориент,ориент
2452,крепостной,крепостной
2456,нордик,нордик
2458,речной,речной
2491,античный,античный
2493,Шоколад,Шоколад
2459,серебряный,серебряный
2498,горная,горная
2457,белый,белый
2506,Норвежский,Норвежский
2501,морёный,морёный
2496,Черный,Черный
2500,грецкий,грецкий
2460,Черный,Черный
2502,Золотой,Золотой
2612,Летний,Летний
2591,Венеция,Венеция
2503,Мербау,Мербау
2595,Элегант,Элегант
2594,Тропический,Тропический
2504,Белая,Белая
2615,122,122
2623,153,153
2505,Прованс,Прованс
2598,Распиленый,Распиленый
2596,Песочный,Песочный
2507,Серый,Серый
2621,414,414
2633,621,621
2634,622,622
2653,Теплый,"Серый Теплый"
2614,107,107
2618,103,103
2708,Ланж,Ланж
2631,619,619
2713,Астория,Астория
2712,Андироба,Андироба
2701,Мербау,Мербау
2707,Венге,Венге
2729,"21 x 145","вельвет 21 x 145"
2728,"21 x 145","вельвет 21 x 145"
2731,"21 x 145","гладкая 21 x 145"
2732,"21 x 145","гладкая 21 x 145"
2716,Орех,Орех
2705,Дуб,Дуб
2727,"21 x 145","гладкая 21 x 145"
2754,Ривьера,Ривьера
2759,"елка Дуб Monte","Французская елка Дуб Monte"
2756,Жемчужный,Жемчужный
2755,свет,свет
2777,White,White
2835,"Calabria Vaniglia","Corium Calabria Vaniglia"
2804,Block,Block
2760,"елка Дуб Sole","Французская елка Дуб Sole"
2823,Smoke,Smoke
2837,"Calabria Cacao","Corium Calabria Cacao"
2836,"Calabria Cannella","Corium Calabria Cannella"
2842,"Umbria Ardesia","Corium Umbria Ardesia"
2840,"Umbria Bianco","Corium Umbria Bianco"
2839,"Veneto Bistro","Corium Veneto Bistro"
2838,"Umbria Seppia","Corium Umbria Seppia"
2843,"Calabria Verde","Corium Calabria Verde"
2824,Vanilla,Vanilla
2841,"Umbria Grigio","Corium Umbria Grigio"
2844,"Calabria Granata","Corium Calabria Granata"
2845,"Calabria Marrone","Corium Calabria Marrone"
2846,"Granorte Corium Calabria Cannella","Granorte Granorte Corium Calabria Cannella"
2848,"Granorte Corium Umbria Seppia","Granorte Granorte Corium Umbria Seppia"
2849,"Granorte Corium Veneto Bistro","Granorte Granorte Corium Veneto Bistro"
2851,"Granorte Corium Umbria Grigio","Granorte Granorte Corium Umbria Grigio"
2854,"Granorte Corium Calabria Granata","Granorte Granorte Corium Calabria Granata"
2853,"Granorte Corium Calabria Verde","Granorte Granorte Corium Calabria Verde"
2847,"Granorte Corium Calabria Cacao","Granorte Granorte Corium Calabria Cacao"
2852,"Granorte Corium Umbria Ardesia","Granorte Granorte Corium Umbria Ardesia"
2850,"Granorte Corium Umbria Bianco","Granorte Granorte Corium Umbria Bianco"
2855,"Granorte Corium Calabria Marrone","Granorte Granorte Corium Calabria Marrone"
2859,Бук,Бук
2858,Ясень,Ясень
2863,Бук,Бук
2862,Ясень,Ясень
2866,Ясень,Ясень
2867,Бук,Бук
2871,Бук,Бук
2868,Дуб,Дуб
2864,Дуб,Дуб
2872,Дуб,Дуб
2860,Дуб,Дуб
2884,"- SpringAir Elite+","natur - SpringAir Elite+"
2883,"- SpringAir Elite+","rustic - SpringAir Elite+"
2875,Бук,Бук
2870,Ясень,Ясень
2874,Ясень,Ясень
2876,Дуб,Дуб
2882,"- SpringAir Elite+","rustic - SpringAir Elite+"
2888,"- SpringAir Elite","natur - SpringAir Elite"
2885,"- SpringAir Elite","unique - SpringAir Elite"
2889,золото,"орех золото"
2887,"- SpringAir Elite","rustic - SpringAir Elite"
2886,"- SpringAir Elite","rustic - SpringAir Elite"
2910,голубой,"орех голубой"
2907,45,45
2905,орех,орех
2894,золото,золото
2900,вишня,вишня
2902,венге,венге
2911,черный,"орех черный"
2916,Пепельный,Пепельный
2928,11,11
2913,Махагон,Махагон
2914,Орех,Орех
2929,12,12
2933,кость,кость
2917,45,45
2930,13,13
2927,10,10
2918,дуб,дуб
2932,Белый,Белый
2938,Бежевый,Бежевый
2941,Молоко,Молоко
2942,Розовый,Розовый
2931,14,14
2943,Белый,Белый
3024,х127,"селект х127"
3040,х127,"красный х127"
3066,Андорра,Андорра
3048,красный,красный
3047,Ятоба,Ятоба
3065,Арктик,Арктик
3029,х190,х190
3071,туман,"Серый туман"
3068,Янтарный,Янтарный
3051,Сукупира,Сукупира
3067,Старинный,Старинный
3070,Коньяк,Коньяк
3053,дерево,дерево
3069,Шелк,"Белый Шелк"
3073,затмение,"Серое затмение"
3072,облако,"Громовое облако"
3076,Иней,Иней
3074,Кофе,Кофе
3075,Ванильный,Ванильный
3082,Пробка,Пробка
3085,Ятоба,Ятоба
3077,Орех,Орех
3080,Орех,Орех
3093,Ясень,Ясень
3083,Ироко,Ироко
3173,Медиум,Медиум
3108,VDP-130,VDP-130
3121,MB,MB
3086,Тик,Тик
3090,Бук,Бук
3088,Дуб,Дуб
3141,Онтарио,Онтарио
3154,Эверест,Эверест
3147,Каньон,Каньон
3120,580,580
3190,Сахара,Сахара
3111,P,P
3192,Уэльс,Уэльс
3146,Бразильский,Бразильский
3206,натуральный,натуральный
3200,дымчатый,дымчатый
3197,натуральный,натуральный
3183,Карамель,Карамель
3209,Ятоба,Ятоба
3210,Мербау,Мербау
3222,Мербау,Мербау
3214,натуральный,натуральный
3213,селект,селект
3202,натуральный,натуральный
3247,Аляска,Аляска
3245,Мускат,Мускат
3242,Карамель,Карамель
3253,золото,золото
3254,золото,золото
3243,Серый,Серый
3260,светло-серый,светло-серый
3256,крем,крем
3246,Арктик,Арктик
3250,рустик,рустик
3252,темно-коричневый,темно-коричневый
3257,белый,белый
3259,светло-серый,светло-серый
3261,каннель,каннель
3262,каннель,каннель
3263,серый,серый
3264,серый,серый
3258,белый,белый
3273,Винтаж,Винтаж
3270,антик,антик
3265,коричневый,коричневый
3267,серый,серый
3274,Сосна,Сосна
3278,Летний,Летний
3275,Дворцовый,Дворцовый
3272,Распил,Распил
3276,Северный,Северный
3283,cream,cream
3269,антик,антик
3342,"бриллиант строганный селект","черный бриллиант строганный селект"
3287,caf?,caf?
3341,"бриллиант строганный селект","черный бриллиант строганный селект"
3285,cream,cream
3280,Ясень,Ясень
3277,Груша,Груша
3365,Сильвер,Сильвер
3369,Бирма,Бирма
3362,Черный,Черный
3352,селект,селект
3363,Антик,Антик
3282,D,D
3379,Ормозия,Ормозия
3366,Грей,Грей
3371,Натур,Натур
3361,Шоколад,Шоколад
3374,Натур,Натур
3370,Американский,Американский
3396,Падук,Падук
3403,Панга-панга,Панга-панга
3391,Queen,Queen
3400,Queen,Queen
3392,Мербау,Мербау
3266,коричневый,коричневый
3413,Rock,Rock
3421,Ypsos,Ypsos
3412,Balmoral,Balmoral
3411,Brasil,Brasil
3405,King,King
3404,дерево,дерево
3427,Brasil,Brasil
3424,Naturo,Naturo
3428,Balmoral,Balmoral
3425,Canyon,Canyon
3420,Country,Country
3422,White,White
3429,Камбала,Камбала
3430,Махагон,Махагон
3434,натур,натур
3423,Silver,Silver
3432,Орех,Орех
3433,Бук,Бук
3456,Fineline,Fineline
3438,натур,натур
3431,Вишня,Вишня
3442,структур,структур
3444,рустик,рустик
3446,дымчатый,дымчатый
3463,Nature,"американский Nature"
3466,промышленный,промышленный
3449,420х70х15,420х70х15
3476,18х125х900,18х125х900
3461,Living,Living
3485,Люкс,Люкс
3488,R-55,R-55
3489,R-53,R-53
3495,Люкс,Люкс
3490,Люкс,Люкс
3468,черный,черный
3486,Стандарт,Стандарт
3496,R-55,R-55
3493,Люкс,"R-30 Люкс"
3492,Люкс,Люкс
3494,Люкс,"R-30 Люкс"
3497,Люкс,Люкс
3501,люкс,люкс
3498,R-53,R-53
3553,зенит,зенит
3521,мм,"1200х123х18 мм"
3502,Люкс,"R-30 Люкс"
3499,R-40,R-40
3503,Люкс,Люкс
3567,Зенит,Зенит
3568,Норд-Вест,Норд-Вест
3561,Бордо,Бордо
3565,Кофейный,Кофейный
3560,Сахара,Сахара
3564,американский,американский
3569,Норд-Ист,Норд-Ист
3653,600-800х100х22,"Натур 600-800х100х22"
3586,Sole,Sole
3584,Carta,Carta
3595,Серебряный,Серебряный
3583,прованс,прованс
3681,"масло 20х137х1473/1973 мм","рустик масло 20х137х1473/1973 мм"
3669,"без покрытия  20х137х1473/1973  мм","селект  без покрытия  20х137х1473/1973  мм"
3655,600-800х100х22,600-800х100х22
3621,Золотой,Золотой
3620,Мербау,Мербау
3616,Белая,Белая
3679,"масло 20х137х1473/1973 мм","селект масло 20х137х1473/1973 мм"
3684,"масло 20х167х1473/1973 мм","рустик масло 20х167х1473/1973 мм"
3658,Натур,Натур
3683,"масло 20х167х1473/1973 мм","натур  масло 20х167х1473/1973 мм"
3696,Стори,Стори
3702,туман,туман
3690,орех,орех
3700,Ванильный,Ванильный
3687,Натур,Натур
3680,"масло 20х137х1473/1973 мм","натур масло 20х137х1473/1973 мм"
3652,Тик,Тик
3720,Афромозия,Афромозия
3727,Табако,Табако
3724,Сукупира,Сукупира
3728,Орех,Орех
3695,Антик,Антик
3699,Селект,Селект
3896,Эвкалипт,Эвкалипт
3729,Афзелия,Афзелия
3926,U-860,U-860
3773,Палисандр,Палисандр
3726,Тик,Тик
3772,натуральный,натуральный
3929,U-865,U-865
3927,U-861,U-861
3928,U-863,U-863
3930,U-866,U-866
3899,антик,антик
3858,Вишня,Вишня
3933,U-918,U-918
3931,U-896,U-896
3934,U-995,U-995
3935,U-996,U-996
3936,"винтаж U-1001","дуба винтаж U-1001"
3932,U-915,U-915
3938,008,008
3985,"420 - 0,75л","УФ-фильтром 420 - 0,75л"
3959,"- Розовое дерево","Fruit'N'Flower - Розовое дерево"
3944,шоколадный,шоколадный
3942,королевский,королевский
3943,светлый,светлый
3996,Тайгервуд,Тайгервуд
3987,"ЦВЕТНОЕ 0,75","воском ЦВЕТНОЕ 0,75"
3989,"0,75","древесины 0,75"
3991,Oil,Oil
4002,покрытия,покрытия
3978,древесины,древесины
3999,покрытия),покрытия)
4035,18х120х400-1200мм,18х120х400-1200мм
4009,мм,"1200x120x22 мм"
4010,мм,"1500x130x18 мм"
4004,покрытия,покрытия
4005,покрытия,покрытия
4038,"Ф1,0x4 лак","18x127x400-1200 Ф1,0x4 лак"
4037,"Ф1,0x4 лак","18x127x400-1200 Ф1,0x4 лак"
4019,мм,"1500x150x18 мм"
4012,мм,"1500x150x18 мм"
4064,Natur,Natur
4057,Select,Select
4072,(Тауари),(Тауари)
4070,орех,орех
4045,Арктик,Арктик
4071,дерево,дерево
4074,дерево,дерево
4069,тик,тик
4091,MIST,MIST
4075,(Cumaru),(Cumaru)
4090,SHADOW,SHADOW
4099,Дуссие,Дуссие
4097,3-полосный,3-полосный
4098,Тик,Тик
4109,азиатский,азиатский
4107,азиатский,азиатский
4103,американская,американская
4101,Венге,Венге
4106,американский,американский
4104,Ироко,Ироко
4111,Пальма,Пальма
4119,элеганс,элеганс
4110,американский,американский
4115,Дуссия,Дуссия
4108,Венге,Венге
4112,Тик,Тик
4128,"масло белое","элеганс масло белое"
4116,Ироко,Ироко
4125,классик,классик
4113,канадский,канадский
4124,классик,классик
4129,планк,"элеганс планк"
4175,Tilja,Tilja
4131,"планк масло","элеганс планк масло"
4168,Sarek,Sarek
4133,элеганс,элеганс
4127,элеганс,элеганс
4139,(лак),(лак)
4179,Abisko,Abisko
4198,"20* 120*500-2000 мм","Классик 20* 120*500-2000 мм"
4197,"20* 170*500-2000 мм","Натур  20* 170*500-2000 мм"
4200,"20* 170*500-2000 мм","Классик 20* 170*500-2000 мм"
4144,Дуссие,Дуссие
4188,Арктик,Арктик
4202,"20* 130-150*500-2000 мм","Рустик 20* 130-150*500-2000 мм"
4203,"20* 170*500-2000 мм","Рустик 20* 170*500-2000 мм"
4201,"20* 120*500-2000 мм","Рустик  20* 120*500-2000 мм"
4199,"20* 130-150*500-2000 мм","Классик 20* 130-150*500-2000 мм"
4143,Дуссие,Дуссие
4142,Мербау,Мербау
4211,"Отборн. 20* 120*500-2000 мм","Натур Отборн. 20* 120*500-2000 мм"
4205,натур,натур
4209,рустик,рустик
4206,рустик,рустик
4204,селект,селект
4208,натур,натур
4212,"Отборн. 20* 130-150*500-2000 мм","Натур Отборн. 20* 130-150*500-2000 мм"
4215,"20* 130-150*500-2000 мм","Натур  20* 130-150*500-2000 мм"
4213,"Отборн. 20* 170*500-2000 мм","Натур Отборн. 20* 170*500-2000 мм"
4238,Стори,Стори
4207,селект,селект
4210,селект,селект
4224,"D 420?70?15мм","селект D 420?70?15мм"
4242,Черно-белый,Черно-белый
4223,"M 420?70?15мм","селект M 420?70?15мм"
4214,"20* 120*500-2000 мм","Натур  20* 120*500-2000 мм"
4240,Арктик,Арктик
4243,состаренный,состаренный
4249,Неаполь,Неаполь
4285,"с серебрянной патиной","Иней с серебрянной патиной"
4273,тик,"Бирманский тик"
4246,Карамель,Карамель
4236,антик,антик
4241,Серый,Серый
4284,"ди Маре","Крема ди Маре"
4292,Deserto,Deserto
4245,ночь,ночь
4302,пропаренная,пропаренная
4294,Дуссия,Дуссия
4247,Мокко,Мокко
4330,"Cloud НМБ/Б","Thunder Cloud НМБ/Б"
4328,"Marble 14мм МЛБ 3.0 м2/уп","Nature Marble 14мм МЛБ 3.0 м2/уп"
4331,"Mist НМЦ/Б","Silver Mist НМЦ/Б"
4295,Сукупира,Сукупира
4300,вишня,вишня
4244,Селект,Селект
4334,НМЦ/Б,"Frost НМЦ/Б"
4320,Ванильный,Ванильный
4340,Селект,Селект
4339,Термо,Термо
4296,White,White
4344,Табачный,Табачный
4343,Арктик,Арктик
4342,Дымчатый,Дымчатый
4345,Белёный,Белёный
4338,Термо,Термо
4299,Сукупира,Сукупира
4362,Ascania,Ascania
4352,белый,"Копченый белый"
4347,жемчуг,"Розовый жемчуг"
4349,Коттедж,Коттедж
4341,Кофе,Кофе
4350,Мореный,Мореный
4361,Coffee,Coffee
4378,Muffin,"Marzipan Muffin"
4391,"Brashed New Arctic","Story Brashed New Arctic"
4348,Сахара,Сахара
4351,Серебро,Серебро
4380,Song,"Banana Song"
4379,Cappuccino,Cappuccino
4403,"Stonewashed Ivory","Aged Stonewashed Ivory"
4370,Almond,Almond
4405,Natur,"138 Natur"
4368,Ivory,Ivory
4407,"Natur Matt","138 Natur Matt"
4413,Sugar,Sugar
4404,Country,"138 Country"
4430,Truffle,"Smoked Truffle"
4394,"Brashed New Arctic","Story Brashed New Arctic"
4411,Light,"Electric Light"
4410,Story,Story
4428,Almond,"Smoked Almond"
4419,Oregano,Oregano
4452,масло,"Vivo масло"
4439,Grey,"Concerte Grey"
4409,Natur,"188 Natur"
4433,"plank Black Pepper","full plank Black Pepper"
4492,лак,"дымчатый лак"
4408,Story,"138 Story"
4494,Arizona,Arizona
4454,"матовый лак","Andante матовый лак"
4490,масло,"натур масло"
4488,лак,"натур лак"
4496,"Animoso  лак","белый Animoso  лак"
4495,"матовый лак","Animoso матовый лак"
4493,масло,"дымчатый масло"
4501,"матовый лак","Andante матовый лак"
4489,лак,"белый лак"
4491,масло,"белый масло"
4498,"Animoso масло","белый Animoso масло"
4497,масло,"Animoso масло"
4509,"масло, браш","Andante масло, браш"
4502,"Andante лак","белый Andante лак"
4505,"Andante масло","белый Andante масло"
4500,Grey,"Old Grey"
4508,Graphite,Graphite
4513,"Animoso лак","орех Animoso лак"
4506,Sand,Sand
4504,масло,"Andante масло"
4503,Pearl,Pearl
4510,Lava,Lava
4514,"Andante лак","орех Andante лак"
4515,"Andante масло","орех Andante масло"
4519,масло,"Vivo масло"
4526,"Animoso масло","белый Animoso масло"
4511,Stone,Stone
4512,масло,"копченый масло"
4529,"матовый лак","Cordoba матовый лак"
4530,"матовый лак","Arizona матовый лак"
4534,"масло, браш","Andante масло, браш"
4525,Масло,"Animoso Масло"
4528,"матовый лак","Toscana матовый лак"
4523,"матовый лак","Andante матовый лак"
4538,"andante матовый лак","белый andante матовый лак"
4527,"Матовый лак","Animoso Матовый лак"
4533,"Andante масло","белый Andante масло"
4531,"Andante матовый лак","белый Andante матовый лак"
4537,"матовый лак","Polar матовый лак"
4532,масло,"Andante масло"
4554,Венеция,"Старая Венеция"
4535,"Andante матовый лак","белый Andante матовый лак"
4555,Марсель,Марсель
4536,"сатиновый лак","Noir сатиновый лак"
4552,Барселона,Барселона
4558,Вена,Вена
4559,(Mocca),"Мокка (Mocca)"
4641,масло/лак,"Antique масло/лак"
4563,(Wenge),"Венге (Wenge)"
4562,"свет (Moonlight)","Лунный свет (Moonlight)"
4565,Берген,Берген
4608,"матовый лак (Европейская коллекция)","Верона матовый лак (Европейская коллекция)"
4646,масло/лак,"Antique масло/лак"
4673,Изящная,Изящная
4672,Светлый,"Каньон Светлый"
4655,масло/лак,"Cream масло/лак"
4574,Нордик,"Дуб Нордик"
4568,Скандинавский,Скандинавский
4695,традишинал,традишинал
4688,"американский City","Орех американский City"
4698,"Орех Светлый","Американский Орех Светлый"
4685,х170,х170
4699,"Орех Тёмный","Американский Орех Тёмный"
4689,Натур,"американский Натур"
4710,"Бурбон белая патина, лак УФ","Дуб Бурбон белая патина, лак УФ"
4716,"Тюдор СВ Натуральный, масло УФ","Дуб Тюдор СВ Натуральный, масло УФ"
4709,"Бурбон Беттерскотч, лак УФ","Дуб Бурбон Беттерскотч, лак УФ"
4726,"Тюдор ТМ натуральный, лак УФ","Дуб Тюдор ТМ натуральный, лак УФ"
4725,"Тюдор ТМ натуральный, масло УФ","Дуб Тюдор ТМ натуральный, масло УФ"
4721,"Тюдор СВ Серый, масло УФ","Дуб Тюдор СВ Серый, масло УФ"
4748,"Иней  / White Frost","Белый Иней  / White Frost"
4745,"кашемир / Grey Cashmere","Серый кашемир / Grey Cashmere"
4742,Шабо,Шабо
4780,Amore,"Дуб Amore"
4753,Селект,"Орех Селект"
4752,Натур,"Орех Натур"
4781,Viola,"Дуб Viola"
4782,Savoy,"Дуб Savoy"
4785,Deco,"Дуб Deco"
4778,Ideale,"Дуб Ideale"
4784,Amigo,"Дуб Amigo"
4779,Натуральный,"Дуб Натуральный"
4783,Libro,"Дуб Libro"
4786,Vento,"Дуб Vento"
4787,Arena,"Дуб Arena"
4788,Novo,"Дуб Novo"
4789,Conte,"Дуб Conte"
4790,Stella,"Дуб Stella"
4796,Альбатрос,Альбатрос
4797,глаз,"Тигровый глаз"
4795,Шамбор,Шамбор
4794,ручей,"Каменный ручей"
4792,"свет / Moonlight","Лунный свет / Moonlight"
4793,песочный,песочный
"?лая ночь""",,
4798,свет,"Лунный свет"
4808,Мокко,Мокко
4799,Натуральный,Натуральный
4811,Мербау,Мербау
4802,Кофе,Кофе
4835,"елка Дуб Carta","Французская елка Дуб Carta"
4825,Deserto,"Дуб Deserto"
4813,Селект,"Зебрано Селект"
4822,Terra,"Дуб Terra"
4837,"- 1","Схема - 1"
4818,Bosco,"Дуб Bosco"
4834,"елка Дуб Luna","Французская елка Дуб Luna"
4833,"елка Дуб Notte","Французская елка Дуб Notte"
4836,"елка Дуб Monaco","Французская елка Дуб Monaco"
4839,"- 7","Схема - 7"
4840,"- 9","Схема - 9"
4838,"- 5","Схема - 5"
4841,"- 8","Схема - 8"
4845,"- 4","Схема - 4"
4848,"- 3","Схема - 3"
4855,селект,селект
4843,"- 2","Схема - 2"
4842,"- 6","Схема - 6"
4857,(Кабреува),"Махагон (Кабреува)"
4867,Лапачо,Лапачо
4862,(ятоба),"вишня (ятоба)"
4854,селект,селект
4861,дерево,"Тигровое дерево"
4856,дерево,дерево
4866,Сукупира,Сукупира
4876,"Тюдор, не осветлённый, масло Серое УФ МОДУЛЬ № 8","Дуб Тюдор, не осветлённый, масло Серое УФ МОДУЛЬ № 8"
4877,"Тюдор, не осветлённый, масло Серое УФ МОДУЛЬ № 2","Дуб Тюдор, не осветлённый, масло Серое УФ МОДУЛЬ № 2"
4860,дерево,дерево
4864,Ятоба,Ятоба
4863,Ятоба,Ятоба
5068,621,621
4873,х170,х170
5065,447,447
5072,447,447
5067,414,414
5066,103,103
5070,622,622
5069,619,619
5160,Песчаник,Песчаник
5155,грецкий,грецкий
5197,Platinum,Platinum
5152,Орех,Орех
5187,Nobel,Nobel
5173,Expression,Expression
5174,Split,Split
5182,Element,Element
5207,Siena,Siena
5171,орех,орех
5206,Blanc,Blanc
5193,Caramel,Caramel
5215,Sand,Sand
5377,Зебрано,Зебрано
5201,Antique,Antique
5205,Pearl,Pearl
5361,Махагон,Махагон
5407,(Индонезия),"Тик (Индонезия)"
5396,Махагон,Махагон
5397,Махагон,Махагон
5403,Select,Select
5211,дерево,дерево
5440,Палуба,"Элегант Палуба"
5408,(Бирма),"Тик (Бирма)"
5424,Премиум,"Орех Премиум"
5381,натур,"дымчатый натур"
5404,Select,Select
5415,вишня,вишня
5446,"Andante масло","американская Andante масло"
5425,Премиум,"Орех Премиум"
5454,"2V (L0305-01774)","планка 2V (L0305-01774)"
5428,Селект,"Американский Селект"
5426,"Американский Натур","Орех Американский Натур"
5427,Натур,"Американский Натур"
5462,Ибираро,Ибираро
5445,"Andante лак","американская Andante лак"
5453,"2V (L0305-01774)","планка 2V (L0305-01774)"
1182,Cognac,Cognac
5447,"сатиновый лак","Andante сатиновый лак"
4363,Caramel,Caramel
17,Тундра,Тундра
78,Прайм,Прайм
1176,"красный селект","Дуб красный селект"
1448,"Натур лак","Дуб Натур лак"
4346,Жемчуг,Жемчуг
1318,Карамель,Карамель
