427,0,catalog,true,1,20,,"2009-01-03 21:08:57","2009-01-03 21:08:57",,,,,0,,true
428,427,"Террасная доска",true,1,20,,"2009-01-03 21:08:57","2009-01-03 21:08:57",,,,,0,,true
429,427,"Массивная доска",true,1,20,,"2009-01-03 21:08:57","2009-01-03 21:08:57",,,,,0,,true
430,427,"Кожаные полы",true,1,20,,"2009-01-03 21:08:57","2009-01-03 21:08:57",,,,,0,,true
431,427,"Пробковое покрытие",true,1,20,,"2009-01-03 21:08:57","2009-01-03 21:08:57",,,,,0,,true
432,427,"Штучный паркет",true,1,20,,"2009-01-03 21:08:57","2009-01-03 21:08:57",,,,,0,,true
433,427,"Инженерная доска",true,1,20,,"2009-01-03 21:08:57","2009-01-03 21:08:57",,,,,0,,true
434,427,"Модульный паркет",true,1,20,,"2009-01-03 21:08:57","2009-01-03 21:08:57",,,,,0,,true
435,427,"Французская ёлка",true,1,20,,"2009-01-03 21:08:57","2009-01-03 21:08:57",,,,,0,,true
436,427,"Паркетная доска",true,1,20,,"2009-01-03 21:08:57","2009-01-03 21:08:57",,,,,0,,true
437,427,"Паркет для ванной",true,1,20,,"2009-01-03 21:08:57","2009-01-03 21:08:57",,,,,0,,true
438,427,Фальшбалки,true,1,20,,"2009-01-03 21:08:57","2009-01-03 21:08:57",,,,,0,,true
439,427,Ламинат,true,1,20,,"2009-01-03 21:08:57","2009-01-03 21:08:57",,,,,0,,true
440,427,"Фасадная термодоска",true,1,20,,"2009-01-03 21:08:57","2009-01-03 21:08:57",,,,,0,,true
441,427,"Художественный паркет",true,1,20,,"2009-01-03 21:08:57","2009-01-03 21:08:57",,,,,0,,true
442,427,"Экзотический паркет",true,1,20,,"2009-01-03 21:08:57","2009-01-03 21:08:57",,,,,0,,true
443,427,"Сопутствующие товары",true,1,20,,"2009-01-03 21:08:57","2009-01-03 21:08:57",,,,,0,,true
444,427,"Спортивные полы",true,1,20,,"2009-01-03 21:08:57","2009-01-03 21:08:57",,,,,0,,true
445,427,Химия,true,1,20,,"2009-01-03 21:08:57","2009-01-03 21:08:57",,,,,0,,true
446,427,Плинтус,true,1,20,,"2009-01-03 21:08:57","2009-01-03 21:08:57",,,,,0,,true
447,427,Архив,true,1,20,,"2009-01-03 21:08:57","2009-01-03 21:08:57",,,,,0,,true
448,427,"Паркетная доска Karelia Ясень full plank 138 Story Mint",true,1,20,,"2009-01-03 21:08:57","2009-01-03 21:08:57",,,,,0,,true
449,428,Ипе,true,1,20,,"2009-01-03 21:08:57","2009-01-03 21:08:57",,,,,0,,true
450,428,Тик,true,1,20,,"2009-01-03 21:08:57","2009-01-03 21:08:57",,,,,0,,true
451,429,Ribadao,true,1,20,,"2009-01-03 21:08:57","2009-01-03 21:08:57",,,,,0,,true
452,430,Granorte,true,1,20,,"2009-01-03 21:08:57","2009-01-03 21:08:57",,,,,0,,true
453,430,"Стеновые панели Granorte",true,1,20,,"2009-01-03 21:08:57","2009-01-03 21:08:57",,,,,0,,true
454,430,Элитер,true,1,20,,"2009-01-03 21:08:57","2009-01-03 21:08:57",,,,,0,,true
455,431,"Corkstyle Urban",true,1,20,,"2009-01-03 21:08:57","2009-01-03 21:08:57",,,,,0,,true
456,431,"Corkstyle Classic",true,1,20,,"2009-01-03 21:08:57","2009-01-03 21:08:57",,,,,0,,true
457,431,"Corkstyle Natural",true,1,20,,"2009-01-03 21:08:57","2009-01-03 21:08:57",,,,,0,,true
458,431,"Corkstyle Art",true,1,20,,"2009-01-03 21:08:57","2009-01-03 21:08:57",,,,,0,,true
459,431,Eliter,true,1,20,,"2009-01-03 21:08:57","2009-01-03 21:08:57",,,,,0,,true
460,431,Granorte,true,1,20,,"2009-01-03 21:08:57","2009-01-03 21:08:57",,,,,0,,true
461,431,Wicanders,true,1,20,,"2009-01-03 21:08:57","2009-01-03 21:08:57",,,,,0,,true
462,431,"Настенная Dekwall Ambiance",true,1,20,,"2009-01-03 21:08:57","2009-01-03 21:08:57",,,,,0,,true
463,431,"Настенная пробка Dekwall Roots",true,1,20,,"2009-01-03 21:08:57","2009-01-03 21:08:57",,,,,0,,true
464,432,Дуб,true,1,20,,"2009-01-03 21:08:57","2009-01-03 21:08:57",,,,,0,,true
465,432,Ясень,true,1,20,,"2009-01-03 21:08:57","2009-01-03 21:08:57",,,,,0,,true
466,432,Клен,true,1,20,,"2009-01-03 21:08:57","2009-01-03 21:08:57",,,,,0,,true
467,432,Орех,true,1,20,,"2009-01-03 21:08:57","2009-01-03 21:08:57",,,,,0,,true
468,432,Экзотический,true,1,20,,"2009-01-03 21:08:57","2009-01-03 21:08:57",,,,,0,,true
469,433,"Инженерный модульный паркет",true,1,20,,"2009-01-03 21:08:57","2009-01-03 21:08:57",,,,,0,,true
470,434,"Siberian Floors",true,1,20,,"2009-01-03 21:08:57","2009-01-03 21:08:57",,,,,0,,true
471,434,Coswick,true,1,20,,"2009-01-03 21:08:57","2009-01-03 21:08:57",,,,,0,,true
472,433,"Marco Ferutti",true,1,20,,"2009-01-03 21:08:57","2009-01-03 21:08:57",,,,,0,,true
473,434,Арт-мозаика,true,1,20,,"2009-01-03 21:08:57","2009-01-03 21:08:57",,,,,0,,true
474,434,Восток,true,1,20,,"2009-01-03 21:08:57","2009-01-03 21:08:57",,,,,0,,true
475,434,Звезды,true,1,20,,"2009-01-03 21:08:57","2009-01-03 21:08:57",,,,,0,,true
476,434,Классицизм,true,1,20,,"2009-01-03 21:08:57","2009-01-03 21:08:57",,,,,0,,true
477,434,Минимализм,true,1,20,,"2009-01-03 21:08:57","2009-01-03 21:08:57",,,,,0,,true
478,434,Объем,true,1,20,,"2009-01-03 21:08:57","2009-01-03 21:08:57",,,,,0,,true
479,434,Парадные,true,1,20,,"2009-01-03 21:08:57","2009-01-03 21:08:57",,,,,0,,true
480,434,Плетенка,true,1,20,,"2009-01-03 21:08:57","2009-01-03 21:08:57",,,,,0,,true
481,434,Цветы,true,1,20,,"2009-01-03 21:08:57","2009-01-03 21:08:57",,,,,0,,true
482,433,Mazarri,true,1,20,,"2009-01-03 21:08:57","2009-01-03 21:08:57",,,,,0,,true
483,433,"Siberian Floors",true,1,20,,"2009-01-03 21:08:57","2009-01-03 21:08:57",,,,,0,,true
484,433,"GREENLine Power",true,1,20,,"2009-01-03 21:08:57","2009-01-03 21:08:57",,,,,0,,true
485,433,"Global Parquet",true,1,20,,"2009-01-03 21:08:57","2009-01-03 21:08:57",,,,,0,,true
486,433,Bauwerk,true,1,20,,"2009-01-03 21:08:57","2009-01-03 21:08:57",,,,,0,,true
487,433,Mercier,true,1,20,,"2009-01-03 21:08:57","2009-01-03 21:08:57",,,,,0,,true
488,433,Missouri,true,1,20,,"2009-01-03 21:08:57","2009-01-03 21:08:57",,,,,0,,true
489,433,Coswick,true,1,20,,"2009-01-03 21:08:57","2009-01-03 21:08:57",,,,,0,,true
490,433,Boen,true,1,20,,"2009-01-03 21:08:57","2009-01-03 21:08:57",,,,,0,,true
491,433,HofParkett,true,1,20,,"2009-01-03 21:08:57","2009-01-03 21:08:57",,,,,0,,true
492,433,Progress,true,1,20,,"2009-01-03 21:08:57","2009-01-03 21:08:57",,,,,0,,true
493,433,Bolefloor,true,1,20,,"2009-01-03 21:08:57","2009-01-03 21:08:57",,,,,0,,true
494,433,Doms,true,1,20,,"2009-01-03 21:08:57","2009-01-03 21:08:57",,,,,0,,true
495,433,"Wood Bee",true,1,20,,"2009-01-03 21:08:57","2009-01-03 21:08:57",,,,,0,,true
496,433,Tavolini,true,1,20,,"2009-01-03 21:08:57","2009-01-03 21:08:57",,,,,0,,true
497,436,GREENLine,true,1,20,,"2009-01-03 21:08:57","2009-01-03 21:08:57",,,,,0,,true
498,436,Mazarri,true,1,20,,"2009-01-03 21:08:57","2009-01-03 21:08:57",,,,,0,,true
499,436,PolarWood,true,1,20,,"2009-01-03 21:08:57","2009-01-03 21:08:57",,,,,0,,true
500,436,Upofloor,true,1,20,,"2009-01-03 21:08:57","2009-01-03 21:08:57",,,,,0,,true
501,436,"Amber Wood",true,1,20,,"2009-01-03 21:08:57","2009-01-03 21:08:57",,,,,0,,true
502,436,Baum,true,1,20,,"2009-01-03 21:08:57","2009-01-03 21:08:57",,,,,0,,true
503,436,"Esta Parket",true,1,20,,"2009-01-03 21:08:57","2009-01-03 21:08:57",,,,,0,,true
504,436,FocusFloor,true,1,20,,"2009-01-03 21:08:57","2009-01-03 21:08:57",,,,,0,,true
505,436,Barlinek,true,1,20,,"2009-01-03 21:08:57","2009-01-03 21:08:57",,,,,0,,true
506,436,Karelia,true,1,20,,"2009-01-03 21:08:57","2009-01-03 21:08:57",,,,,0,,true
507,436,Ellett,true,1,20,,"2009-01-03 21:08:57","2009-01-03 21:08:57",,,,,0,,true
508,436,"Wood Bee",true,1,20,,"2009-01-03 21:08:57","2009-01-03 21:08:57",,,,,0,,true
509,436,Boen-Hohns,true,1,20,,"2009-01-03 21:08:57","2009-01-03 21:08:57",,,,,0,,true
510,436,Coswick,true,1,20,,"2009-01-03 21:08:57","2009-01-03 21:08:57",,,,,0,,true
511,436,"Kahrs (Черс)",true,1,20,,"2009-01-03 21:08:57","2009-01-03 21:08:57",,,,,0,,true
512,436,Universal,true,1,20,,"2009-01-03 21:08:57","2009-01-03 21:08:57",,,,,0,,true
513,436,Timberwise,true,1,20,,"2009-01-03 21:08:57","2009-01-03 21:08:57",,,,,0,,true
514,436,"Old Wood",true,1,20,,"2009-01-03 21:08:57","2009-01-03 21:08:57",,,,,0,,true
515,436,"Grabo Parkett",true,1,20,,"2009-01-03 21:08:57","2009-01-03 21:08:57",,,,,0,,true
516,436,Par-ky,true,1,20,,"2009-01-03 21:08:57","2009-01-03 21:08:57",,,,,0,,true
517,436,Panaget,true,1,20,,"2009-01-03 21:08:57","2009-01-03 21:08:57",,,,,0,,true
518,436,Weitzer,true,1,20,,"2009-01-03 21:08:57","2009-01-03 21:08:57",,,,,0,,true
519,428,Термодревесина,true,1,20,,"2009-01-03 21:08:57","2009-01-03 21:08:57",,,,,0,,true
520,428,"Кумару / Бразильский тик",true,1,20,,"2009-01-03 21:08:57","2009-01-03 21:08:57",,,,,0,,true
521,428,Мербау,true,1,20,,"2009-01-03 21:08:57","2009-01-03 21:08:57",,,,,0,,true
522,428,Бамбук,true,1,20,,"2009-01-03 21:08:57","2009-01-03 21:08:57",,,,,0,,true
523,428,Композитная,true,1,20,,"2009-01-03 21:08:57","2009-01-03 21:08:57",,,,,0,,true
524,428,Лиственница,true,1,20,,"2009-01-03 21:08:57","2009-01-03 21:08:57",,,,,0,,true
525,428,"Садовый паркет",true,1,20,,"2009-01-03 21:08:57","2009-01-03 21:08:57",,,,,0,,true
526,438,MonoColor,true,1,20,,"2009-01-03 21:08:57","2009-01-03 21:08:57",,,,,0,,true
527,439,Alloc,true,1,20,,"2009-01-03 21:08:57","2009-01-03 21:08:57",,,,,0,,true
528,439,"HDM Elesgo",true,1,20,,"2009-01-03 21:08:57","2009-01-03 21:08:57",,,,,0,,true
529,439,"Aqua Step",true,1,20,,"2009-01-03 21:08:57","2009-01-03 21:08:57",,,,,0,,true
530,439,DELLREIN,true,1,20,,"2009-01-03 21:08:57","2009-01-03 21:08:57",,,,,0,,true
531,439,EPI,true,1,20,,"2009-01-03 21:08:57","2009-01-03 21:08:57",,,,,0,,true
532,439,Marmoleum,true,1,20,,"2009-01-03 21:08:57","2009-01-03 21:08:57",,,,,0,,true
533,439,Pergo,true,1,20,,"2009-01-03 21:08:57","2009-01-03 21:08:57",,,,,0,,true
534,439,Progress,true,1,20,,"2009-01-03 21:08:57","2009-01-03 21:08:57",,,,,0,,true
535,439,Witex,true,1,20,,"2009-01-03 21:08:57","2009-01-03 21:08:57",,,,,0,,true
536,429,Mazarri,true,1,20,,"2009-01-03 21:08:57","2009-01-03 21:08:57",,,,,0,,true
537,429,"GREENLine Solid",true,1,20,,"2009-01-03 21:08:57","2009-01-03 21:08:57",,,,,0,,true
538,429,Термо,true,1,20,,"2009-01-03 21:08:57","2009-01-03 21:08:57",,,,,0,,true
539,429,"Дуб без покрытия",true,1,20,,"2009-01-03 21:08:57","2009-01-03 21:08:57",,,,,0,,true
540,429,Coswick,true,1,20,,"2009-01-03 21:08:57","2009-01-03 21:08:57",,,,,0,,true
541,429,Boen,true,1,20,,"2009-01-03 21:08:57","2009-01-03 21:08:57",,,,,0,,true
542,429,Progress,true,1,20,,"2009-01-03 21:08:57","2009-01-03 21:08:57",,,,,0,,true
543,429,Экзотическая,true,1,20,,"2009-01-03 21:08:57","2009-01-03 21:08:57",,,,,0,,true
544,429,Mercier,true,1,20,,"2009-01-03 21:08:57","2009-01-03 21:08:57",,,,,0,,true
545,429,Amigo,true,1,20,,"2009-01-03 21:08:57","2009-01-03 21:08:57",,,,,0,,true
546,429,Komodoor,true,1,20,,"2009-01-03 21:08:57","2009-01-03 21:08:57",,,,,0,,true
547,429,"Jackson flooring",true,1,20,,"2009-01-03 21:08:57","2009-01-03 21:08:57",,,,,0,,true
548,429,"Missouri Collection",true,1,20,,"2009-01-03 21:08:57","2009-01-03 21:08:57",,,,,0,,true
549,429,Inpa,true,1,20,,"2009-01-03 21:08:57","2009-01-03 21:08:57",,,,,0,,true
550,429,"Magestik floor",true,1,20,,"2009-01-03 21:08:57","2009-01-03 21:08:57",,,,,0,,true
551,429,"Amber Wood",true,1,20,,"2009-01-03 21:08:57","2009-01-03 21:08:57",,,,,0,,true
552,429,Sherwood,true,1,20,,"2009-01-03 21:08:57","2009-01-03 21:08:57",,,,,0,,true
553,429,Bolefloor,true,1,20,,"2009-01-03 21:08:57","2009-01-03 21:08:57",,,,,0,,true
554,429,"Tavolini floors",true,1,20,,"2009-01-03 21:08:57","2009-01-03 21:08:57",,,,,0,,true
555,429,Berthold,true,1,20,,"2009-01-03 21:08:57","2009-01-03 21:08:57",,,,,0,,true
556,441,Бордюры,true,1,20,,"2009-01-03 21:08:57","2009-01-03 21:08:57",,,,,0,,true
557,441,Декоры,true,1,20,,"2009-01-03 21:08:57","2009-01-03 21:08:57",,,,,0,,true
558,441,Розетки,true,1,20,,"2009-01-03 21:08:57","2009-01-03 21:08:57",,,,,0,,true
559,442,Komodoor,true,1,20,,"2009-01-03 21:08:57","2009-01-03 21:08:57",,,,,0,,true
560,442,Ribadao,true,1,20,,"2009-01-03 21:08:57","2009-01-03 21:08:57",,,,,0,,true
561,442,Индонезия,true,1,20,,"2009-01-03 21:08:57","2009-01-03 21:08:57",,,,,0,,true
562,443,Подложка,true,1,20,,"2009-01-03 21:08:57","2009-01-03 21:08:57",,,,,0,,true
563,443,Фанера,true,1,20,,"2009-01-03 21:08:57","2009-01-03 21:08:57",,,,,0,,true
564,443,"Фирменные аксессуары",true,1,20,,"2009-01-03 21:08:57","2009-01-03 21:08:57",,,,,0,,true
565,444,Boen,true,1,20,,"2009-01-03 21:08:57","2009-01-03 21:08:57",,,,,0,,true
566,444,Grabo,true,1,20,,"2009-01-03 21:08:57","2009-01-03 21:08:57",,,,,0,,true
567,444,Kahrs,true,1,20,,"2009-01-03 21:08:57","2009-01-03 21:08:57",,,,,0,,true
568,445,Dr.SCHUTZ,true,1,20,,"2009-01-03 21:08:57","2009-01-03 21:08:57",,,,,0,,true
569,445,Stauf,true,1,20,,"2009-01-03 21:08:57","2009-01-03 21:08:57",,,,,0,,true
570,445,Ibola,true,1,20,,"2009-01-03 21:08:57","2009-01-03 21:08:57",,,,,0,,true
571,445,SikaBond,true,1,20,,"2009-01-03 21:08:57","2009-01-03 21:08:57",,,,,0,,true
572,445,Aqua-Seal,true,1,20,,"2009-01-03 21:08:57","2009-01-03 21:08:57",,,,,0,,true
573,446,Pedross,true,1,20,,"2009-01-03 21:08:57","2009-01-03 21:08:57",,,,,0,,true
574,446,"На заказ",true,1,20,,"2009-01-03 21:08:57","2009-01-03 21:08:57",,,,,0,,true
575,447,Admonter,true,1,20,,"2009-01-03 21:08:57","2009-01-03 21:08:57",,,,,0,,true
576,447,Alloro,true,1,20,,"2009-01-03 21:08:57","2009-01-03 21:08:57",,,,,0,,true
577,447,Alpenholz,true,1,20,,"2009-01-03 21:08:57","2009-01-03 21:08:57",,,,,0,,true
578,447,Arden,true,1,20,,"2009-01-03 21:08:57","2009-01-03 21:08:57",,,,,0,,true
579,447,Befag,true,1,20,,"2009-01-03 21:08:57","2009-01-03 21:08:57",,,,,0,,true
580,447,"Bosco di Parchetti",true,1,20,,"2009-01-03 21:08:57","2009-01-03 21:08:57",,,,,0,,true
581,447,Bravo,true,1,20,,"2009-01-03 21:08:57","2009-01-03 21:08:57",,,,,0,,true
582,447,Challe,true,1,20,,"2009-01-03 21:08:57","2009-01-03 21:08:57",,,,,0,,true
583,447,"Chapel Parket",true,1,20,,"2009-01-03 21:08:57","2009-01-03 21:08:57",,,,,0,,true
584,447,"Chene de l’est",true,1,20,,"2009-01-03 21:08:57","2009-01-03 21:08:57",,,,,0,,true
585,447,Commercial,true,1,20,,"2009-01-03 21:08:57","2009-01-03 21:08:57",,,,,0,,true
586,447,Corksribas,true,1,20,,"2009-01-03 21:08:57","2009-01-03 21:08:57",,,,,0,,true
587,447,"De Pino Parquets",true,1,20,,"2009-01-03 21:08:57","2009-01-03 21:08:57",,,,,0,,true
588,447,Domestic,true,1,20,,"2009-01-03 21:08:57","2009-01-03 21:08:57",,,,,0,,true
589,447,"Dream Castle",true,1,20,,"2009-01-03 21:08:57","2009-01-03 21:08:57",,,,,0,,true
590,447,"Elastoclic design vinyl",true,1,20,,"2009-01-03 21:08:57","2009-01-03 21:08:57",,,,,0,,true
591,447,Farecom,true,1,20,,"2009-01-03 21:08:57","2009-01-03 21:08:57",,,,,0,,true
592,447,Gerko,true,1,20,,"2009-01-03 21:08:57","2009-01-03 21:08:57",,,,,0,,true
593,447,Giant,true,1,20,,"2009-01-03 21:08:57","2009-01-03 21:08:57",,,,,0,,true
594,447,Haro,true,1,20,,"2009-01-03 21:08:57","2009-01-03 21:08:57",,,,,0,,true
595,447,"Home Plus",true,1,20,,"2009-01-03 21:08:57","2009-01-03 21:08:57",,,,,0,,true
596,447,Indusparquet,true,1,20,,"2009-01-03 21:08:57","2009-01-03 21:08:57",,,,,0,,true
597,447,Inpa,true,1,20,,"2009-01-03 21:08:57","2009-01-03 21:08:57",,,,,0,,true
598,447,Ipowood,true,1,20,,"2009-01-03 21:08:57","2009-01-03 21:08:57",,,,,0,,true
599,447,"Jakarta Flooring",true,1,20,,"2009-01-03 21:08:57","2009-01-03 21:08:57",,,,,0,,true
600,447,Jawa,true,1,20,,"2009-01-03 21:08:57","2009-01-03 21:08:57",,,,,0,,true
601,447,Kastamonu,true,1,20,,"2009-01-03 21:08:57","2009-01-03 21:08:57",,,,,0,,true
602,447,Kennerholz,true,1,20,,"2009-01-03 21:08:57","2009-01-03 21:08:57",,,,,0,,true
603,447,Komodoor,true,1,20,,"2009-01-03 21:08:57","2009-01-03 21:08:57",,,,,0,,true
604,447,Komofloor,true,1,20,,"2009-01-03 21:08:57","2009-01-03 21:08:57",,,,,0,,true
605,447,Leonardo,true,1,20,,"2009-01-03 21:08:57","2009-01-03 21:08:57",,,,,0,,true
606,447,"Lewis and Mark",true,1,20,,"2009-01-03 21:08:57","2009-01-03 21:08:57",,,,,0,,true
607,447,"Magestik floor",true,1,20,,"2009-01-03 21:08:57","2009-01-03 21:08:57",,,,,0,,true
608,447,Magnum,true,1,20,,"2009-01-03 21:08:57","2009-01-03 21:08:57",,,,,0,,true
609,447,Marinepar,true,1,20,,"2009-01-03 21:08:57","2009-01-03 21:08:57",,,,,0,,true
610,447,Matraparkett,true,1,20,,"2009-01-03 21:08:57","2009-01-03 21:08:57",,,,,0,,true
611,447,Nolte,true,1,20,,"2009-01-03 21:08:57","2009-01-03 21:08:57",,,,,0,,true
612,447,"Papa Carlo (Твой паркет)",true,1,20,,"2009-01-03 21:08:57","2009-01-03 21:08:57",,,,,0,,true
613,447,Parador,true,1,20,,"2009-01-03 21:08:57","2009-01-03 21:08:57",,,,,0,,true
614,447,Parketoff,true,1,20,,"2009-01-03 21:08:57","2009-01-03 21:08:57",,,,,0,,true
615,447,"Parquet Prime",true,1,20,,"2009-01-03 21:08:57","2009-01-03 21:08:57",,,,,0,,true
616,447,Random,true,1,20,,"2009-01-03 21:08:57","2009-01-03 21:08:57",,,,,0,,true
617,447,"Real Parquet",true,1,20,,"2009-01-03 21:08:57","2009-01-03 21:08:57",,,,,0,,true
618,447,"Royal Wood",true,1,20,,"2009-01-03 21:08:57","2009-01-03 21:08:57",,,,,0,,true
619,447,Serenzo,true,1,20,,"2009-01-03 21:08:57","2009-01-03 21:08:57",,,,,0,,true
620,447,"Sherwood Antique",true,1,20,,"2009-01-03 21:08:57","2009-01-03 21:08:57",,,,,0,,true
621,447,"Sherwood Parquet",true,1,20,,"2009-01-03 21:08:57","2009-01-03 21:08:57",,,,,0,,true
622,447,"Sofit floor",true,1,20,,"2009-01-03 21:08:57","2009-01-03 21:08:57",,,,,0,,true
623,447,Solidfloor,true,1,20,,"2009-01-03 21:08:57","2009-01-03 21:08:57",,,,,0,,true
624,447,"Stock Wood",true,1,20,,"2009-01-03 21:08:57","2009-01-03 21:08:57",,,,,0,,true
625,447,Suonenwood,true,1,20,,"2009-01-03 21:08:57","2009-01-03 21:08:57",,,,,0,,true
626,447,Tarkett,true,1,20,,"2009-01-03 21:08:57","2009-01-03 21:08:57",,,,,0,,true
627,447,Tavolini,true,1,20,,"2009-01-03 21:08:57","2009-01-03 21:08:57",,,,,0,,true
628,447,TopWood,true,1,20,,"2009-01-03 21:08:57","2009-01-03 21:08:57",,,,,0,,true
629,447,"Trade Forest",true,1,20,,"2009-01-03 21:08:57","2009-01-03 21:08:57",,,,,0,,true
630,447,Triumph,true,1,20,,"2009-01-03 21:08:57","2009-01-03 21:08:57",,,,,0,,true
631,447,Universal,true,1,20,,"2009-01-03 21:08:57","2009-01-03 21:08:57",,,,,0,,true
632,447,"Vetedy  Luxembourg s.a.",true,1,20,,"2009-01-03 21:08:57","2009-01-03 21:08:57",,,,,0,,true
633,447,"Vintage Wood",true,1,20,,"2009-01-03 21:08:57","2009-01-03 21:08:57",,,,,0,,true
634,447,Volunta,true,1,20,,"2009-01-03 21:08:57","2009-01-03 21:08:57",,,,,0,,true
635,447,"WEISS (Вайс)",true,1,20,,"2009-01-03 21:08:57","2009-01-03 21:08:57",,,,,0,,true
636,447,Wurdeck,true,1,20,,"2009-01-03 21:08:57","2009-01-03 21:08:57",,,,,0,,true
637,447,Атлант,true,1,20,,"2009-01-03 21:08:57","2009-01-03 21:08:57",,,,,0,,true
638,447,Бонд,true,1,20,,"2009-01-03 21:08:57","2009-01-03 21:08:57",,,,,0,,true
639,447,Двухслойная,true,1,20,,"2009-01-03 21:08:57","2009-01-03 21:08:57",,,,,0,,true
640,447,"Инженерная доска Vintage",true,1,20,,"2009-01-03 21:08:57","2009-01-03 21:08:57",,,,,0,,true
641,447,Корона,true,1,20,,"2009-01-03 21:08:57","2009-01-03 21:08:57",,,,,0,,true
642,447,"Корона Exotic",true,1,20,,"2009-01-03 21:08:57","2009-01-03 21:08:57",,,,,0,,true
643,447,Лак,true,1,20,,"2009-01-03 21:08:57","2009-01-03 21:08:57",,,,,0,,true
644,447,"Ламинат Aberhoff",true,1,20,,"2009-01-03 21:08:57","2009-01-03 21:08:57",,,,,0,,true
645,447,"Ламинат Alsapan",true,1,20,,"2009-01-03 21:08:57","2009-01-03 21:08:57",,,,,0,,true
646,447,"Ламинат Antigua",true,1,20,,"2009-01-03 21:08:57","2009-01-03 21:08:57",,,,,0,,true
647,447,"Ламинат Balterio",true,1,20,,"2009-01-03 21:08:57","2009-01-03 21:08:57",,,,,0,,true
648,447,"Ламинат Egger",true,1,20,,"2009-01-03 21:08:57","2009-01-03 21:08:57",,,,,0,,true
649,447,"Ламинат ELESGO",true,1,20,,"2009-01-03 21:08:57","2009-01-03 21:08:57",,,,,0,,true
650,447,"Ламинат Kronoflooring",true,1,20,,"2009-01-03 21:08:57","2009-01-03 21:08:57",,,,,0,,true
651,447,"Ламинат Kronostar",true,1,20,,"2009-01-03 21:08:57","2009-01-03 21:08:57",,,,,0,,true
652,447,"Ламинат Kronoswiss",true,1,20,,"2009-01-03 21:08:57","2009-01-03 21:08:57",,,,,0,,true
653,447,"Ламинат Kronotex",true,1,20,,"2009-01-03 21:08:57","2009-01-03 21:08:57",,,,,0,,true
654,447,"Ламинат Marburgholz",true,1,20,,"2009-01-03 21:08:57","2009-01-03 21:08:57",,,,,0,,true
655,447,"Ламинат Parador",true,1,20,,"2009-01-03 21:08:57","2009-01-03 21:08:57",,,,,0,,true
656,447,"Ламинат Quick Step",true,1,20,,"2009-01-03 21:08:57","2009-01-03 21:08:57",,,,,0,,true
657,447,"Ламинат RITTER",true,1,20,,"2009-01-03 21:08:57","2009-01-03 21:08:57",,,,,0,,true
658,447,"Ламинат Tarkett",true,1,20,,"2009-01-03 21:08:57","2009-01-03 21:08:57",,,,,0,,true
659,447,"Ламинат Titan Plus",true,1,20,,"2009-01-03 21:08:57","2009-01-03 21:08:57",,,,,0,,true
660,447,Масло,true,1,20,,"2009-01-03 21:08:57","2009-01-03 21:08:57",,,,,0,,true
661,447,"Массив Expama Brazil",true,1,20,,"2009-01-03 21:08:57","2009-01-03 21:08:57",,,,,0,,true
662,447,"Массив Ital Parchetti",true,1,20,,"2009-01-03 21:08:57","2009-01-03 21:08:57",,,,,0,,true
663,447,"Массив Гарант",true,1,20,,"2009-01-03 21:08:57","2009-01-03 21:08:57",,,,,0,,true
664,447,"Массивная доска Junglewood",true,1,20,,"2009-01-03 21:08:57","2009-01-03 21:08:57",,,,,0,,true
665,447,"Массивная доска Leonardo",true,1,20,,"2009-01-03 21:08:57","2009-01-03 21:08:57",,,,,0,,true
666,447,"Массивная доска Madel",true,1,20,,"2009-01-03 21:08:57","2009-01-03 21:08:57",,,,,0,,true
667,447,"Массивная доска Matimex",true,1,20,,"2009-01-03 21:08:57","2009-01-03 21:08:57",,,,,0,,true
668,447,"Массивная доска Parador",true,1,20,,"2009-01-03 21:08:57","2009-01-03 21:08:57",,,,,0,,true
669,447,"Массивная доска Rainforest",true,1,20,,"2009-01-03 21:08:57","2009-01-03 21:08:57",,,,,0,,true
670,447,"новый upofloor",true,1,20,,"2009-01-03 21:08:57","2009-01-03 21:08:57",,,,,0,,true
671,447,"Паркетная доска Ariket",true,1,20,,"2009-01-03 21:08:57","2009-01-03 21:08:57",,,,,0,,true
672,447,"Паркетная доска Baltic Wood",true,1,20,,"2009-01-03 21:08:57","2009-01-03 21:08:57",,,,,0,,true
673,447,"Паркетная доска Calista",true,1,20,,"2009-01-03 21:08:57","2009-01-03 21:08:57",,,,,0,,true
674,447,"Паркетная доска Ekowood",true,1,20,,"2009-01-03 21:08:57","2009-01-03 21:08:57",,,,,0,,true
675,447,"Паркетная доска Forbo",true,1,20,,"2009-01-03 21:08:57","2009-01-03 21:08:57",,,,,0,,true
676,447,"Паркетная доска Grundorf (Грюндорф)",true,1,20,,"2009-01-03 21:08:57","2009-01-03 21:08:57",,,,,0,,true
677,447,"Паркетная доска Matimex",true,1,20,,"2009-01-03 21:08:57","2009-01-03 21:08:57",,,,,0,,true
678,447,"Паркетная доска Solidfloor",true,1,20,,"2009-01-03 21:08:57","2009-01-03 21:08:57",,,,,0,,true
679,447,"Пробковое покрытие Corkart",true,1,20,,"2009-01-03 21:08:57","2009-01-03 21:08:57",,,,,0,,true
680,447,"Реал Паркет",true,1,20,,"2009-01-03 21:08:57","2009-01-03 21:08:57",,,,,0,,true
681,447,"Старый мастер",true,1,20,,"2009-01-03 21:08:57","2009-01-03 21:08:57",,,,,0,,true
682,447,"Террасная доска Пуинкадо",true,1,20,,"2009-01-03 21:08:57","2009-01-03 21:08:57",,,,,0,,true
683,447,Трёхслойная,true,1,20,,"2009-01-03 21:08:57","2009-01-03 21:08:57",,,,,0,,true
684,447,"Штучный паркет Alpina",true,1,20,,"2009-01-03 21:08:57","2009-01-03 21:08:57",,,,,0,,true
685,438,MaxiColor,true,1,20,,"2009-01-03 21:08:57","2009-01-03 21:08:57",,,,,0,,true
686,438,MultiColor,true,1,20,,"2009-01-03 21:08:57","2009-01-03 21:08:57",,,,,0,,true
687,438,MultiMaxColor,true,1,20,,"2009-01-03 21:08:57","2009-01-03 21:08:57",,,,,0,,true
688,455,Impuls,true,1,20,,"2009-01-03 21:08:57","2009-01-03 21:08:57",,,,,0,,true
689,456,EcoCork,true,1,20,,"2009-01-03 21:08:57","2009-01-03 21:08:57",,,,,0,,true
690,457,EcoPrint,true,1,20,,"2009-01-03 21:08:57","2009-01-03 21:08:57",,,,,0,,true
691,458,"Fantasy & Stone",true,1,20,,"2009-01-03 21:08:57","2009-01-03 21:08:57",,,,,0,,true
692,460,"Vita decor",true,1,20,,"2009-01-03 21:08:57","2009-01-03 21:08:57",,,,,0,,true
693,470,Декор,true,1,20,,"2009-01-03 21:08:57","2009-01-03 21:08:57",,,,,0,,true
694,470,Эксклюзив,true,1,20,,"2009-01-03 21:08:57","2009-01-03 21:08:57",,,,,0,,true
695,470,Классик,true,1,20,,"2009-01-03 21:08:57","2009-01-03 21:08:57",,,,,0,,true
696,471,Мини-модули,true,1,20,,"2009-01-03 21:08:57","2009-01-03 21:08:57",,,,,0,,true
697,472,Hermitage,true,1,20,,"2009-01-03 21:08:57","2009-01-03 21:08:57",,,,,0,,true
698,472,Vario,true,1,20,,"2009-01-03 21:08:57","2009-01-03 21:08:57",,,,,0,,true
699,483,Классик,true,1,20,,"2009-01-03 21:08:57","2009-01-03 21:08:57",,,,,0,,true
700,486,Cleverpark,true,1,20,,"2009-01-03 21:08:57","2009-01-03 21:08:57",,,,,0,,true
701,486,Casapark,true,1,20,,"2009-01-03 21:08:57","2009-01-03 21:08:57",,,,,0,,true
702,486,Unopark,true,1,20,,"2009-01-03 21:08:57","2009-01-03 21:08:57",,,,,0,,true
703,489,"Коллекция Кантри",true,1,20,,"2009-01-03 21:08:57","2009-01-03 21:08:57",,,,,0,,true
704,490,"Boen Chaletino",true,1,20,,"2009-01-03 21:08:57","2009-01-03 21:08:57",,,,,0,,true
705,496,"Engineering Standart",true,1,20,,"2009-01-03 21:08:57","2009-01-03 21:08:57",,,,,0,,true
706,500,"Коллекция Tempo",true,1,20,,"2009-01-03 21:08:57","2009-01-03 21:08:57",,,,,0,,true
707,500,"Коллекция Ambient",true,1,20,,"2009-01-03 21:08:57","2009-01-03 21:08:57",,,,,0,,true
708,500,"Коллекция Forte",true,1,20,,"2009-01-03 21:08:57","2009-01-03 21:08:57",,,,,0,,true
709,502,Classic,true,1,20,,"2009-01-03 21:08:57","2009-01-03 21:08:57",,,,,0,,true
710,505,"Diana Forest",true,1,20,,"2009-01-03 21:08:57","2009-01-03 21:08:57",,,,,0,,true
711,506,LIBRA,true,1,20,,"2009-01-03 21:08:57","2009-01-03 21:08:57",,,,,0,,true
712,506,POLAR,true,1,20,,"2009-01-03 21:08:57","2009-01-03 21:08:57",,,,,0,,true
713,506,MIDNIGHT,true,1,20,,"2009-01-03 21:08:57","2009-01-03 21:08:57",,,,,0,,true
714,507,"Design Collection",true,1,20,,"2009-01-03 21:08:57","2009-01-03 21:08:57",,,,,0,,true
715,507,"Handscraped Collection",true,1,20,,"2009-01-03 21:08:57","2009-01-03 21:08:57",,,,,0,,true
716,509,"Boen - Stonewashed",true,1,20,,"2009-01-03 21:08:57","2009-01-03 21:08:57",,,,,0,,true
717,509,"Boen Live Pure",true,1,20,,"2009-01-03 21:08:57","2009-01-03 21:08:57",,,,,0,,true
718,510,"Вековые традиции",true,1,20,,"2009-01-03 21:08:57","2009-01-03 21:08:57",,,,,0,,true
719,510,"Класcическая коллекция",true,1,20,,"2009-01-03 21:08:57","2009-01-03 21:08:57",,,,,0,,true
720,510,"Норвежский лес",true,1,20,,"2009-01-03 21:08:57","2009-01-03 21:08:57",,,,,0,,true
721,510,"Кантри коллекция",true,1,20,,"2009-01-03 21:08:57","2009-01-03 21:08:57",,,,,0,,true
722,511,"Коллекция Лодж / Linea",true,1,20,,"2009-01-03 21:08:57","2009-01-03 21:08:57",,,,,0,,true
723,513,Трехполосная,true,1,20,,"2009-01-03 21:08:57","2009-01-03 21:08:57",,,,,0,,true
724,516,"Par-ky Pro",true,1,20,,"2009-01-03 21:08:57","2009-01-03 21:08:57",,,,,0,,true
725,527,Chic,true,1,20,,"2009-01-03 21:08:57","2009-01-03 21:08:57",,,,,0,,true
726,528,Wellness,true,1,20,,"2009-01-03 21:08:57","2009-01-03 21:08:57",,,,,0,,true
727,531,"Clip 400",true,1,20,,"2009-01-03 21:08:57","2009-01-03 21:08:57",,,,,0,,true
728,531,Osmoze,true,1,20,,"2009-01-03 21:08:57","2009-01-03 21:08:57",,,,,0,,true
729,533,"Domestic Elegance",true,1,20,,"2009-01-03 21:08:57","2009-01-03 21:08:57",,,,,0,,true
730,534,"Винил СНГ",true,1,20,,"2009-01-03 21:08:57","2009-01-03 21:08:57",,,,,0,,true
731,535,Bonita,true,1,20,,"2009-01-03 21:08:57","2009-01-03 21:08:57",,,,,0,,true
732,540,"Блочный паркет",true,1,20,,"2009-01-03 21:08:57","2009-01-03 21:08:57",,,,,0,,true
733,540,Эко,true,1,20,,"2009-01-03 21:08:57","2009-01-03 21:08:57",,,,,0,,true
734,545,"Бамбук Hi-Tech Amigo",true,1,20,,"2009-01-03 21:08:57","2009-01-03 21:08:57",,,,,0,,true
735,545,"Коллекция Дуб",true,1,20,,"2009-01-03 21:08:57","2009-01-03 21:08:57",,,,,0,,true
736,546,Мербау,true,1,20,,"2009-01-03 21:08:57","2009-01-03 21:08:57",,,,,0,,true
737,546,Кемпас,true,1,20,,"2009-01-03 21:08:57","2009-01-03 21:08:57",,,,,0,,true
738,546,Ормозия,true,1,20,,"2009-01-03 21:08:57","2009-01-03 21:08:57",,,,,0,,true
739,554,Престиж,true,1,20,,"2009-01-03 21:08:57","2009-01-03 21:08:57",,,,,0,,true
740,556,Барокко,true,1,20,,"2009-01-03 21:08:57","2009-01-03 21:08:57",,,,,0,,true
741,564,Alloc,true,1,20,,"2009-01-03 21:08:57","2009-01-03 21:08:57",,,,,0,,true
742,565,"Boflex Stadium",true,1,20,,"2009-01-03 21:08:57","2009-01-03 21:08:57",,,,,0,,true
743,565,"Doubleflex Stadium",true,1,20,,"2009-01-03 21:08:57","2009-01-03 21:08:57",,,,,0,,true
744,566,"StrongAir Elite+",true,1,20,,"2009-01-03 21:08:57","2009-01-03 21:08:57",,,,,0,,true
745,566,"StrongAir Elite",true,1,20,,"2009-01-03 21:08:57","2009-01-03 21:08:57",,,,,0,,true
746,566,"SpringAir Elite+",true,1,20,,"2009-01-03 21:08:57","2009-01-03 21:08:57",,,,,0,,true
747,568,"Средства для чистки и ухода за лакированным паркетом",true,1,20,,"2009-01-03 21:08:57","2009-01-03 21:08:57",,,,,0,,true
748,568,"Средства для чистки и ухода за промаслянным паркетом",true,1,20,,"2009-01-03 21:08:57","2009-01-03 21:08:57",,,,,0,,true
749,455,Loft,true,1,20,,"2009-01-03 21:08:57","2009-01-03 21:08:57",,,,,0,,true
750,455,Color,true,1,20,,"2009-01-03 21:08:57","2009-01-03 21:08:57",,,,,0,,true
751,601,"32 класс",true,1,20,,"2009-01-03 21:08:57","2009-01-03 21:08:57",,,,,0,,true
752,610,"Grandiose Antique Classic",true,1,20,,"2009-01-03 21:08:57","2009-01-03 21:08:57",,,,,0,,true
753,460,"Vita classic",true,1,20,,"2009-01-03 21:08:57","2009-01-03 21:08:57",,,,,0,,true
754,458,"Adventures\Children",true,1,20,,"2009-01-03 21:08:57","2009-01-03 21:08:57",,,,,0,,true
755,458,"Hello Kitty & Peanuts",true,1,20,,"2009-01-03 21:08:57","2009-01-03 21:08:57",,,,,0,,true
756,457,Wood,true,1,20,,"2009-01-03 21:08:57","2009-01-03 21:08:57",,,,,0,,true
757,457,"Wood XL",true,1,20,,"2009-01-03 21:08:57","2009-01-03 21:08:57",,,,,0,,true
758,456,NaturalCork,true,1,20,,"2009-01-03 21:08:57","2009-01-03 21:08:57",,,,,0,,true
759,460,Studio,true,1,20,,"2009-01-03 21:08:57","2009-01-03 21:08:57",,,,,0,,true
760,457,"Time Parquet",true,1,20,,"2009-01-03 21:08:57","2009-01-03 21:08:57",,,,,0,,true
761,610,"Grandiose Premium",true,1,20,,"2009-01-03 21:08:57","2009-01-03 21:08:57",,,,,0,,true
762,568,"Средства для чистки и ухода террасной доски из дерева",true,1,20,,"2009-01-03 21:08:57","2009-01-03 21:08:57",,,,,0,,true
763,472,Linea,true,1,20,,"2009-01-03 21:08:57","2009-01-03 21:08:57",,,,,0,,true
764,472,Versailles,true,1,20,,"2009-01-03 21:08:57","2009-01-03 21:08:57",,,,,0,,true
765,472,Castello,true,1,20,,"2009-01-03 21:08:57","2009-01-03 21:08:57",,,,,0,,true
766,471,Версаль,true,1,20,,"2009-01-03 21:08:57","2009-01-03 21:08:57",,,,,0,,true
767,471,Трианон,true,1,20,,"2009-01-03 21:08:57","2009-01-03 21:08:57",,,,,0,,true
768,471,Ланже,true,1,20,,"2009-01-03 21:08:57","2009-01-03 21:08:57",,,,,0,,true
769,471,Шеверни,true,1,20,,"2009-01-03 21:08:57","2009-01-03 21:08:57",,,,,0,,true
770,556,Ампир,true,1,20,,"2009-01-03 21:08:57","2009-01-03 21:08:57",,,,,0,,true
771,556,Восток,true,1,20,,"2009-01-03 21:08:57","2009-01-03 21:08:57",,,,,0,,true
772,470,Элита,true,1,20,,"2009-01-03 21:08:57","2009-01-03 21:08:57",,,,,0,,true
773,486,Megapark,true,1,20,,"2009-01-03 21:08:57","2009-01-03 21:08:57",,,,,0,,true
774,483,Элита,true,1,20,,"2009-01-03 21:08:57","2009-01-03 21:08:57",,,,,0,,true
775,489,"Коллекция Ренессанс",true,1,20,,"2009-01-03 21:08:57","2009-01-03 21:08:57",,,,,0,,true
776,483,"Винтаж - I",true,1,20,,"2009-01-03 21:08:57","2009-01-03 21:08:57",,,,,0,,true
777,486,Vintage,true,1,20,,"2009-01-03 21:08:57","2009-01-03 21:08:57",,,,,0,,true
778,496,"Prestige Standart",true,1,20,,"2009-01-03 21:08:57","2009-01-03 21:08:57",,,,,0,,true
779,489,"Брашированная коллекция",true,1,20,,"2009-01-03 21:08:57","2009-01-03 21:08:57",,,,,0,,true
780,483,"Винтаж - II",true,1,20,,"2009-01-03 21:08:57","2009-01-03 21:08:57",,,,,0,,true
781,470,Винтаж,true,1,20,,"2009-01-03 21:08:57","2009-01-03 21:08:57",,,,,0,,true
782,490,"Boen Chalet",true,1,20,,"2009-01-03 21:08:57","2009-01-03 21:08:57",,,,,0,,true
783,489,"Классическая коллекция",true,1,20,,"2009-01-03 21:08:57","2009-01-03 21:08:57",,,,,0,,true
784,483,"Винтаж - III",true,1,20,,"2009-01-03 21:08:57","2009-01-03 21:08:57",,,,,0,,true
785,483,Декор,true,1,20,,"2009-01-03 21:08:57","2009-01-03 21:08:57",,,,,0,,true
786,483,Эксклюзив,true,1,20,,"2009-01-03 21:08:57","2009-01-03 21:08:57",,,,,0,,true
787,489,"Экзотическая коллекция",true,1,20,,"2009-01-03 21:08:57","2009-01-03 21:08:57",,,,,0,,true
788,486,"Formpark Mini",true,1,20,,"2009-01-03 21:08:57","2009-01-03 21:08:57",,,,,0,,true
789,489,"Авторская коллекция",true,1,20,,"2009-01-03 21:08:57","2009-01-03 21:08:57",,,,,0,,true
790,554,"Французская ёлка",true,1,20,,"2009-01-03 21:08:57","2009-01-03 21:08:57",,,,,0,,true
791,500,"Коллекция Art Design",true,1,20,,"2009-01-03 21:08:57","2009-01-03 21:08:57",,,,,0,,true
792,502,Comfort,true,1,20,,"2009-01-03 21:08:57","2009-01-03 21:08:57",,,,,0,,true
793,505,Life,true,1,20,,"2009-01-03 21:08:57","2009-01-03 21:08:57",,,,,0,,true
794,505,Decor,true,1,20,,"2009-01-03 21:08:57","2009-01-03 21:08:57",,,,,0,,true
795,505,"Вкусы жизни",true,1,20,,"2009-01-03 21:08:57","2009-01-03 21:08:57",,,,,0,,true
796,506,SPICE,true,1,20,,"2009-01-03 21:08:57","2009-01-03 21:08:57",,,,,0,,true
797,506,DAWN,true,1,20,,"2009-01-03 21:08:57","2009-01-03 21:08:57",,,,,0,,true
798,506,EARTH,true,1,20,,"2009-01-03 21:08:57","2009-01-03 21:08:57",,,,,0,,true
799,506,LIGHT,true,1,20,,"2009-01-03 21:08:57","2009-01-03 21:08:57",,,,,0,,true
800,506,IMPRESSIO,true,1,20,,"2009-01-03 21:08:57","2009-01-03 21:08:57",,,,,0,,true
801,506,"URBAN SOUL",true,1,20,,"2009-01-03 21:08:57","2009-01-03 21:08:57",,,,,0,,true
802,510,"Брашированная коллекция",true,1,20,,"2009-01-03 21:08:57","2009-01-03 21:08:57",,,,,0,,true
803,510,Термодерево,true,1,20,,"2009-01-03 21:08:57","2009-01-03 21:08:57",,,,,0,,true
804,511,"Коллекция Ливинг / Linea",true,1,20,,"2009-01-03 21:08:57","2009-01-03 21:08:57",,,,,0,,true
805,511,"Коллекция Хфбитэт / Linea",true,1,20,,"2009-01-03 21:08:57","2009-01-03 21:08:57",,,,,0,,true
806,511,Avanti,true,1,20,,"2009-01-03 21:08:57","2009-01-03 21:08:57",,,,,0,,true
807,511,"Спецпрограмма / Original",true,1,20,,"2009-01-03 21:08:57","2009-01-03 21:08:57",,,,,0,,true
808,516,"Par-ky Lounge",true,1,20,,"2009-01-03 21:08:57","2009-01-03 21:08:57",,,,,0,,true
809,516,"Par-ky Sound+",true,1,20,,"2009-01-03 21:08:57","2009-01-03 21:08:57",,,,,0,,true
810,510,"Искусство и ремесло",true,1,20,,"2009-01-03 21:08:57","2009-01-03 21:08:57",,,,,0,,true
811,511,"Гармония / Original",true,1,20,,"2009-01-03 21:08:57","2009-01-03 21:08:57",,,,,0,,true
812,511,"Новая классическая коллекция / Original",true,1,20,,"2009-01-03 21:08:57","2009-01-03 21:08:57",,,,,0,,true
813,502,Premium,true,1,20,,"2009-01-03 21:08:57","2009-01-03 21:08:57",,,,,0,,true
814,509,"Boen однополосная",true,1,20,,"2009-01-03 21:08:57","2009-01-03 21:08:57",,,,,0,,true
815,509,"Boen Трехполосная",true,1,20,,"2009-01-03 21:08:57","2009-01-03 21:08:57",,,,,0,,true
816,509,"Boen Fineline",true,1,20,,"2009-01-03 21:08:57","2009-01-03 21:08:57",,,,,0,,true
817,513,Однополосная,true,1,20,,"2009-01-03 21:08:57","2009-01-03 21:08:57",,,,,0,,true
818,511,"Песочная коллекция / Original",true,1,20,,"2009-01-03 21:08:57","2009-01-03 21:08:57",,,,,0,,true
819,510,"Авторская коллекция",true,1,20,,"2009-01-03 21:08:57","2009-01-03 21:08:57",,,,,0,,true
820,511,"Скандинавская коллекция",true,1,20,,"2009-01-03 21:08:57","2009-01-03 21:08:57",,,,,0,,true
821,516,"Par-ky Deluxe+",true,1,20,,"2009-01-03 21:08:57","2009-01-03 21:08:57",,,,,0,,true
822,511,"Европейская коллекция / Original",true,1,20,,"2009-01-03 21:08:57","2009-01-03 21:08:57",,,,,0,,true
823,506,TIME,true,1,20,,"2009-01-03 21:08:57","2009-01-03 21:08:57",,,,,0,,true
824,505,Pure,true,1,20,,"2009-01-03 21:08:57","2009-01-03 21:08:57",,,,,0,,true
825,509,"Boen Gent Plank",true,1,20,,"2009-01-03 21:08:57","2009-01-03 21:08:57",,,,,0,,true
826,511,"Столичная коллекция / Original",true,1,20,,"2009-01-03 21:08:57","2009-01-03 21:08:57",,,,,0,,true
827,506,ESSENCE,true,1,20,,"2009-01-03 21:08:57","2009-01-03 21:08:57",,,,,0,,true
828,509,"Boen Strongline (двухполосная)",true,1,20,,"2009-01-03 21:08:57","2009-01-03 21:08:57",,,,,0,,true
829,511,"Европейский ренессанс / Original",true,1,20,,"2009-01-03 21:08:57","2009-01-03 21:08:57",,,,,0,,true
830,511,"Традиционная американская коллекция / Original",true,1,20,,"2009-01-03 21:08:57","2009-01-03 21:08:57",,,,,0,,true
831,511,"Наследие / Original",true,1,20,,"2009-01-03 21:08:57","2009-01-03 21:08:57",,,,,0,,true
832,509,"Boen Fashion",true,1,20,,"2009-01-03 21:08:57","2009-01-03 21:08:57",,,,,0,,true
833,509,"Boen Home",true,1,20,,"2009-01-03 21:08:57","2009-01-03 21:08:57",,,,,0,,true
834,510,Зебрано,true,1,20,,"2009-01-03 21:08:57","2009-01-03 21:08:57",,,,,0,,true
835,511,Spirit,true,1,20,,"2009-01-03 21:08:57","2009-01-03 21:08:57",,,,,0,,true
836,511,"Американская коллекция",true,1,20,,"2009-01-03 21:08:57","2009-01-03 21:08:57",,,,,0,,true
837,510,"Экзотическая коллекция",true,1,20,,"2009-01-03 21:08:57","2009-01-03 21:08:57",,,,,0,,true
838,527,Empire,true,1,20,,"2009-01-03 21:08:57","2009-01-03 21:08:57",,,,,0,,true
839,531,"Generation 12",true,1,20,,"2009-01-03 21:08:57","2009-01-03 21:08:57",,,,,0,,true
840,531,Forte,true,1,20,,"2009-01-03 21:08:57","2009-01-03 21:08:57",,,,,0,,true
841,533,"Living Expression",true,1,20,,"2009-01-03 21:08:57","2009-01-03 21:08:57",,,,,0,,true
842,534,Wood,true,1,20,,"2009-01-03 21:08:57","2009-01-03 21:08:57",,,,,0,,true
843,535,Marena,true,1,20,,"2009-01-03 21:08:57","2009-01-03 21:08:57",,,,,0,,true
844,528,"Wellness V4",true,1,20,,"2009-01-03 21:08:57","2009-01-03 21:08:57",,,,,0,,true
845,528,"Contour Rundkante",true,1,20,,"2009-01-03 21:08:57","2009-01-03 21:08:57",,,,,0,,true
846,528,"Wellness Maxi V5",true,1,20,,"2009-01-03 21:08:57","2009-01-03 21:08:57",,,,,0,,true
847,534,Stone,true,1,20,,"2009-01-03 21:08:57","2009-01-03 21:08:57",,,,,0,,true
848,535,color,true,1,20,,"2009-01-03 21:08:57","2009-01-03 21:08:57",,,,,0,,true
849,527,Original,true,1,20,,"2009-01-03 21:08:57","2009-01-03 21:08:57",,,,,0,,true
850,533,"Public Extreme Class",true,1,20,,"2009-01-03 21:08:57","2009-01-03 21:08:57",,,,,0,,true
851,535,ariosa,true,1,20,,"2009-01-03 21:08:57","2009-01-03 21:08:57",,,,,0,,true
852,533,"Original Excellence",true,1,20,,"2009-01-03 21:08:57","2009-01-03 21:08:57",,,,,0,,true
853,534,Velour,true,1,20,,"2009-01-03 21:08:57","2009-01-03 21:08:57",,,,,0,,true
854,535,"Marena Comfort",true,1,20,,"2009-01-03 21:08:57","2009-01-03 21:08:57",,,,,0,,true
855,535,"Marena Maxi V2",true,1,20,,"2009-01-03 21:08:57","2009-01-03 21:08:57",,,,,0,,true
856,534,Knit,true,1,20,,"2009-01-03 21:08:57","2009-01-03 21:08:57",,,,,0,,true
857,535,"Piazza Comfort",true,1,20,,"2009-01-03 21:08:57","2009-01-03 21:08:57",,,,,0,,true
858,527,Universal,true,1,20,,"2009-01-03 21:08:57","2009-01-03 21:08:57",,,,,0,,true
859,535,Piazza,true,1,20,,"2009-01-03 21:08:57","2009-01-03 21:08:57",,,,,0,,true
860,535,"Marena XL V4",true,1,20,,"2009-01-03 21:08:57","2009-01-03 21:08:57",,,,,0,,true
861,533,TotalDesign,true,1,20,,"2009-01-03 21:08:57","2009-01-03 21:08:57",,,,,0,,true
862,528,"Superglanz Diele Extra Sensitive",true,1,20,,"2009-01-03 21:08:57","2009-01-03 21:08:57",,,,,0,,true
863,527,"Commercial Stone",true,1,20,,"2009-01-03 21:08:57","2009-01-03 21:08:57",,,,,0,,true
864,531,Solid,true,1,20,,"2009-01-03 21:08:57","2009-01-03 21:08:57",,,,,0,,true
865,535,"Marena V2",true,1,20,,"2009-01-03 21:08:57","2009-01-03 21:08:57",,,,,0,,true
866,527,"Grand Avenue",true,1,20,,"2009-01-03 21:08:57","2009-01-03 21:08:57",,,,,0,,true
867,535,"Euro actual",true,1,20,,"2009-01-03 21:08:57","2009-01-03 21:08:57",,,,,0,,true
868,535,"euro nature V2",true,1,20,,"2009-01-03 21:08:57","2009-01-03 21:08:57",,,,,0,,true
869,535,"Piazza Maxi",true,1,20,,"2009-01-03 21:08:57","2009-01-03 21:08:57",,,,,0,,true
870,528,Superglanz,true,1,20,,"2009-01-03 21:08:57","2009-01-03 21:08:57",,,,,0,,true
871,534,"Natural stone",true,1,20,,"2009-01-03 21:08:57","2009-01-03 21:08:57",,,,,0,,true
872,527,Prestige,true,1,20,,"2009-01-03 21:08:57","2009-01-03 21:08:57",,,,,0,,true
873,535,"Bonita V2",true,1,20,,"2009-01-03 21:08:57","2009-01-03 21:08:57",,,,,0,,true
874,531,"Solid Medium",true,1,20,,"2009-01-03 21:08:57","2009-01-03 21:08:57",,,,,0,,true
875,535,"Marena Stone V4",true,1,20,,"2009-01-03 21:08:57","2009-01-03 21:08:57",,,,,0,,true
876,531,"Solid Plus",true,1,20,,"2009-01-03 21:08:57","2009-01-03 21:08:57",,,,,0,,true
877,540,"Коллекция кантри",true,1,20,,"2009-01-03 21:08:57","2009-01-03 21:08:57",,,,,0,,true
878,540,"Вековые традиции",true,1,20,,"2009-01-03 21:08:57","2009-01-03 21:08:57",,,,,0,,true
879,546,Палисандр,true,1,20,,"2009-01-03 21:08:57","2009-01-03 21:08:57",,,,,0,,true
880,546,Тик,true,1,20,,"2009-01-03 21:08:57","2009-01-03 21:08:57",,,,,0,,true
881,546,Кумье,true,1,20,,"2009-01-03 21:08:57","2009-01-03 21:08:57",,,,,0,,true
882,546,"Американский орех",true,1,20,,"2009-01-03 21:08:57","2009-01-03 21:08:57",,,,,0,,true
883,554,Элит,true,1,20,,"2009-01-03 21:08:57","2009-01-03 21:08:57",,,,,0,,true
884,554,LehoFloors,true,1,20,,"2009-01-03 21:08:57","2009-01-03 21:08:57",,,,,0,,true
885,540,"Авторская коллекция",true,1,20,,"2009-01-03 21:08:57","2009-01-03 21:08:57",,,,,0,,true
886,540,"Брашированная коллекция",true,1,20,,"2009-01-03 21:08:57","2009-01-03 21:08:57",,,,,0,,true
887,540,"Классическая коллекция",true,1,20,,"2009-01-03 21:08:57","2009-01-03 21:08:57",,,,,0,,true
888,545,"Экзотический паркет Amigo",true,1,20,,"2009-01-03 21:08:57","2009-01-03 21:08:57",,,,,0,,true
889,556,Готика,true,1,20,,"2009-01-03 21:08:57","2009-01-03 21:08:57",,,,,0,,true
890,556,Геометрия,true,1,20,,"2009-01-03 21:08:57","2009-01-03 21:08:57",,,,,0,,true
891,556,Лента,true,1,20,,"2009-01-03 21:08:57","2009-01-03 21:08:57",,,,,0,,true
892,556,Меандр,true,1,20,,"2009-01-03 21:08:57","2009-01-03 21:08:57",,,,,0,,true
893,556,Простые,true,1,20,,"2009-01-03 21:08:57","2009-01-03 21:08:57",,,,,0,,true
894,556,Цветы,true,1,20,,"2009-01-03 21:08:57","2009-01-03 21:08:57",,,,,0,,true
895,556,Модерн,true,1,20,,"2009-01-03 21:08:57","2009-01-03 21:08:57",,,,,0,,true
896,556,Плетенка,true,1,20,,"2009-01-03 21:08:57","2009-01-03 21:08:57",,,,,0,,true
897,565,"Singleflex Stadium",true,1,20,,"2009-01-03 21:08:57","2009-01-03 21:08:57",,,,,0,,true
898,565,"Elastflex Stadium",true,1,20,,"2009-01-03 21:08:57","2009-01-03 21:08:57",,,,,0,,true
899,565,"Arenaflex Stadium",true,1,20,,"2009-01-03 21:08:57","2009-01-03 21:08:57",,,,,0,,true
900,565,Actiflex,true,1,20,,"2009-01-03 21:08:57","2009-01-03 21:08:57",,,,,0,,true
901,566,"JumpAir Basic",true,1,20,,"2009-01-03 21:08:57","2009-01-03 21:08:57",,,,,0,,true
902,566,"JumpAir Elite",true,1,20,,"2009-01-03 21:08:57","2009-01-03 21:08:57",,,,,0,,true
903,566,"SpringAir Elite",true,1,20,,"2009-01-03 21:08:57","2009-01-03 21:08:57",,,,,0,,true
904,565,"Sport Flooring 14mm",true,1,20,,"2009-01-03 21:08:57","2009-01-03 21:08:57",,,,,0,,true
905,601,"33 класс",true,1,20,,"2009-01-03 21:08:57","2009-01-03 21:08:57",,,,,0,,true
906,610,"Style Дуб Antique",true,1,20,,"2009-01-03 21:08:57","2009-01-03 21:08:57",,,,,0,,true
907,610,"Style Ясень Premium",true,1,20,,"2009-01-03 21:08:57","2009-01-03 21:08:57",,,,,0,,true
908,511,"Мировая коллекция / Original",true,1,20,,"2009-01-03 21:08:57","2009-01-03 21:08:57",,,,,0,,true
427,0,catalog,true,1,20,,"2009-01-03 21:08:57","2009-01-03 21:08:57",,,,,0,,true
