428,/catalog/terrasnaya-doska/
429,/catalog/massivnaya-doska/
430,/catalog/kozhanye-poly/
431,/catalog/probkovoe-pokrytie/
432,/catalog/shtuchnyy-parket/
433,/catalog/inzhenernaya-doska/
434,/catalog/modulnyy-parket/
435,/catalog/frantsuzskaya-yelka/
436,/catalog/parketnaya-doska/
437,/catalog/parket-dlya-vannoy/
438,/catalog/falshbalki/
439,/catalog/laminat/
440,/catalog/fasadnaya-termodoska/
441,/catalog/khudozhestvennyy-parket/
442,/catalog/ekzoticheskiy-parket/
443,/catalog/soputstvuyushchie-tovary/
444,/catalog/sportivnie-poli/
445,/catalog/khimiya/
446,/catalog/plintus/
447,/catalog/arkhiv/
449,/catalog/terrasnaya-doska/terrasnaya-doska-ipe/
450,/catalog/terrasnaya-doska/terrasnaya-doska-tik-birmanskiy/
451,/catalog/massivnaya-doska/ribadao/
452,/catalog/kozhanye-poly/kozhanye-poly-granorte/
453,/catalog/kozhanye-poly/stenovye-paneli-granorte/
454,/catalog/kozhanye-poly/kozhanoe-pokrytie-eliter/
455,/catalog/probkovoe-pokrytie/corkstyle-urban/
456,/catalog/probkovoe-pokrytie/corkstyle/
457,/catalog/probkovoe-pokrytie/corkstyle-natural/
458,/catalog/probkovoe-pokrytie/corkstyle-art/
459,/catalog/probkovoe-pokrytie/probkovoe-pokrytie-eliter/
460,/catalog/probkovoe-pokrytie/granorte/
461,/catalog/probkovoe-pokrytie/probkovoe-pokrytie-wicanders/
462,/catalog/probkovoe-pokrytie/nastennaya-dekwall-ambiance/
463,/catalog/probkovoe-pokrytie/nastennaya-probka-dekwall-roots/
464,/catalog/shtuchnyy-parket/parket-dub/
465,/catalog/shtuchnyy-parket/yasen/
466,/catalog/shtuchnyy-parket/klen/
467,/catalog/shtuchnyy-parket/orekh/
468,/catalog/shtuchnyy-parket/ekzoticheskiy-shtuchnyy-parket/
469,/catalog/inzhenernaya-doska/inzhenernyy-modulnyy-parket/
470,/catalog/modulnyy-parket/siberian-floors/
471,/catalog/modulnyy-parket/coswick-/
472,/catalog/inzhenernaya-doska/marco-ferutti/
473,/catalog/modulnyy-parket/art-mozaika/
474,/catalog/modulnyy-parket/vostok/
475,/catalog/modulnyy-parket/zvezdy/
476,/catalog/modulnyy-parket/klassitsizm/
477,/catalog/modulnyy-parket/minimalizm/
478,/catalog/modulnyy-parket/obem/
479,/catalog/modulnyy-parket/paradnye/
480,/catalog/modulnyy-parket/pletenka/
481,/catalog/modulnyy-parket/tsvety/
482,/catalog/inzhenernaya-doska/mazarri/
483,/catalog/inzhenernaya-doska/siberian-floor/
484,/catalog/inzhenernaya-doska/greenline-power/
485,/catalog/inzhenernaya-doska/global-parquet/
486,/catalog/inzhenernaya-doska/bauwerk/
487,/catalog/inzhenernaya-doska/mercier/
488,/catalog/inzhenernaya-doska/missouri/
489,/catalog/inzhenernaya-doska/coswick/
490,/catalog/inzhenernaya-doska/boen/
491,/catalog/inzhenernaya-doska/hofparkett/
492,/catalog/inzhenernaya-doska/progress/
493,/catalog/inzhenernaya-doska/bolefloor/
494,/catalog/inzhenernaya-doska/doms/
495,/catalog/inzhenernaya-doska/wood-bee/
496,/catalog/inzhenernaya-doska/tavolini/
497,/catalog/parketnaya-doska/greenline/
498,/catalog/parketnaya-doska/mazarri/
499,/catalog/parketnaya-doska/polarwood/
500,/catalog/parketnaya-doska/upofloor/
501,/catalog/parketnaya-doska/amber-wood/
502,/catalog/parketnaya-doska/baum/
503,/catalog/parketnaya-doska/esta-parket/
504,/catalog/parketnaya-doska/focusfloor/
505,/catalog/parketnaya-doska/barlinek/
506,/catalog/parketnaya-doska/karelia/
507,/catalog/parketnaya-doska/ellett/
508,/catalog/parketnaya-doska/wood-bee/
509,/catalog/parketnaya-doska/boen-hohns/
510,/catalog/parketnaya-doska/coswick/
511,/catalog/parketnaya-doska/kahrs-chers/
512,/catalog/parketnaya-doska/universal/
513,/catalog/parketnaya-doska/timberwise/
514,/catalog/parketnaya-doska/old-wood/
515,/catalog/parketnaya-doska/grabo-parkett/
516,/catalog/parketnaya-doska/par-ky/
517,/catalog/parketnaya-doska/panaget/
518,/catalog/parketnaya-doska/weitzer/
519,/catalog/terrasnaya-doska/termodrevesina/
520,/catalog/terrasnaya-doska/kumaru-brazilskiy-tik/
521,/catalog/terrasnaya-doska/doska-merbau/
522,/catalog/terrasnaya-doska/terrasnaya-doska-bambuk/
523,/catalog/terrasnaya-doska/kompozitnaya/
524,/catalog/terrasnaya-doska/listvennitsa/
525,/catalog/terrasnaya-doska/sadovyy-parket/
526,/catalog/falshbalki/monocolor/
527,/catalog/laminat/alloc/
528,/catalog/laminat/hdm-elesgo/
529,/catalog/laminat/aqua-step/
530,/catalog/laminat/dellrein/
531,/catalog/laminat/epi/
532,/catalog/laminat/marmoleum/
533,/catalog/laminat/pergo/
534,/catalog/laminat/progress/
535,/catalog/laminat/witex/
536,/catalog/massivnaya-doska/mazarri/
537,/catalog/massivnaya-doska/greenline-solid/
538,/catalog/massivnaya-doska/massivnaya-termodoska/
539,/catalog/massivnaya-doska/dub-bez-pokrytiya/
540,/catalog/massivnaya-doska/coswick/
541,/catalog/massivnaya-doska/boen/
542,/catalog/massivnaya-doska/progress/
543,/catalog/massivnaya-doska/ekzoticheskaya/
544,/catalog/massivnaya-doska/mercier/
545,/catalog/massivnaya-doska/amigo/
546,/catalog/massivnaya-doska/komodoor/
547,/catalog/massivnaya-doska/jackson-flooring/
548,/catalog/massivnaya-doska/missouri-collection/
549,/catalog/massivnaya-doska/inpa/
550,/catalog/massivnaya-doska/magestik-floor/
551,/catalog/massivnaya-doska/amber-wood/
552,/catalog/massivnaya-doska/sherwood/
553,/catalog/massivnaya-doska/bolefloor/
554,/catalog/massivnaya-doska/tavolini-floors/
555,/catalog/massivnaya-doska/berthold/
556,/catalog/khudozhestvennyy-parket/bordyury/
557,/catalog/khudozhestvennyy-parket/dekory/
558,/catalog/khudozhestvennyy-parket/rozetki/
559,/catalog/ekzoticheskiy-parket/komodoor/
560,/catalog/ekzoticheskiy-parket/ribadao-/
561,/catalog/ekzoticheskiy-parket/indoneziya/
562,/catalog/soputstvuyushchie-tovary/podlozhka/
563,/catalog/soputstvuyushchie-tovary/fanera/
564,/catalog/soputstvuyushchie-tovary/firmennye-aksessuary/
565,/catalog/sportivnie-poli/boen/
566,/catalog/sportivnie-poli/grabo/
567,/catalog/sportivnie-poli/kahrs/
568,/catalog/khimiya/dr-schutz/
569,/catalog/khimiya/stauf/
570,/catalog/khimiya/ibola/
571,/catalog/khimiya/sikabond/
572,/catalog/khimiya/aqua-seal/
573,/catalog/plintus/pedross/
574,/catalog/plintus/na-zakaz/
575,/catalog/arkhiv/admonter/
576,/catalog/arkhiv/alloro/
577,/catalog/arkhiv/alpenholz/
578,/catalog/arkhiv/arden/
579,/catalog/arkhiv/befag/
580,/catalog/arkhiv/bosco-di-parchetti/
581,/catalog/arkhiv/bravo/
582,/catalog/arkhiv/challe/
583,/catalog/arkhiv/chapel-parket/
584,/catalog/arkhiv/chene-de-l-est/
585,/catalog/arkhiv/commercial/
586,/catalog/arkhiv/corksribas/
587,/catalog/arkhiv/de-pino-parquets/
588,/catalog/arkhiv/domestic/
589,/catalog/arkhiv/dream-castle/
590,/catalog/arkhiv/elastoclic-design-vinyl/
591,/catalog/arkhiv/farecom/
592,/catalog/arkhiv/gerko/
593,/catalog/arkhiv/giant/
594,/catalog/arkhiv/haro/
595,/catalog/arkhiv/home-plus/
596,/catalog/arkhiv/indusparquet/
597,/catalog/arkhiv/inpa/
598,/catalog/arkhiv/ipowood/
599,/catalog/arkhiv/jakarta-flooring/
600,/catalog/arkhiv/jawa/
601,/catalog/arkhiv/kastamonu/
602,/catalog/arkhiv/kennerholz/
603,/catalog/arkhiv/komodoor/
604,/catalog/arkhiv/komofloor/
605,/catalog/arkhiv/leonardo/
606,/catalog/arkhiv/lewis-and-mark/
607,/catalog/arkhiv/magestik-floor/
608,/catalog/arkhiv/magnum/
609,/catalog/arkhiv/marinepar/
610,/catalog/arkhiv/matraparkett/
611,/catalog/arkhiv/nolte/
612,/catalog/arkhiv/papa-carlo-tvoy-parket/
613,/catalog/arkhiv/parador/
614,/catalog/arkhiv/parketoff/
615,/catalog/arkhiv/parquet-prime/
616,/catalog/arkhiv/random/
617,/catalog/arkhiv/real-parquet/
618,/catalog/arkhiv/royal-wood/
619,/catalog/arkhiv/serenzo/
620,/catalog/arkhiv/sherwood-antique/
621,/catalog/arkhiv/sherwood-parquet/
622,/catalog/arkhiv/sofit-floor/
623,/catalog/arkhiv/solidfloor/
624,/catalog/arkhiv/stock-wood/
625,/catalog/arkhiv/suonenwood/
626,/catalog/arkhiv/tarkett/
627,/catalog/arkhiv/tavolini/
628,/catalog/arkhiv/topwood/
629,/catalog/arkhiv/trade-forest/
630,/catalog/arkhiv/triumph/
631,/catalog/arkhiv/universal/
632,/catalog/arkhiv/vetedy-luxembourg-s-a/
633,/catalog/arkhiv/vintage-wood/
634,/catalog/arkhiv/volunta/
635,/catalog/arkhiv/weiss-vays/
636,/catalog/arkhiv/wurdeck/
637,/catalog/arkhiv/atlant/
638,/catalog/arkhiv/bond/
639,/catalog/arkhiv/dvukhsloynaya/
640,/catalog/arkhiv/inzhenernaya-doska-vintage/
641,/catalog/arkhiv/korona/
642,/catalog/arkhiv/korona-exotic/
643,/catalog/arkhiv/lak/
644,/catalog/arkhiv/laminat-aberhoff/
645,/catalog/arkhiv/laminat-alsapan/
646,/catalog/arkhiv/laminat-antigua/
647,/catalog/arkhiv/laminat-balterio/
648,/catalog/arkhiv/laminat-egger/
649,/catalog/arkhiv/laminat-elesgo/
650,/catalog/arkhiv/laminat-kronoflooring/
651,/catalog/arkhiv/laminat-kronostar/
652,/catalog/arkhiv/laminat-kronoswiss/
653,/catalog/arkhiv/laminat-kronotex/
654,/catalog/arkhiv/laminat-marburgholz/
655,/catalog/arkhiv/laminat-parador/
656,/catalog/arkhiv/laminat-quick-step/
657,/catalog/arkhiv/laminat-ritter/
658,/catalog/arkhiv/laminat-tarkett/
659,/catalog/arkhiv/laminat-titan-plus/
660,/catalog/arkhiv/maslo/
661,/catalog/arkhiv/massiv-expama-brazil/
662,/catalog/arkhiv/massiv-ital-parchetti/
663,/catalog/arkhiv/massiv-garant/
664,/catalog/arkhiv/massivnaya-doska-junglewood/
665,/catalog/arkhiv/massivnaya-doska-leonardo/
666,/catalog/arkhiv/massivnaya-doska-madel/
667,/catalog/arkhiv/massivnaya-doska-matimex/
668,/catalog/arkhiv/massivnaya-doska-parador/
669,/catalog/arkhiv/massivnaya-doska-rainforest/
670,/catalog/arkhiv/novyy-upofloor/
671,/catalog/arkhiv/parketnaya-doska-ariket/
672,/catalog/arkhiv/parketnaya-doska-baltic-wood/
673,/catalog/arkhiv/parketnaya-doska-calista/
674,/catalog/arkhiv/parketnaya-doska-ekowood/
675,/catalog/arkhiv/parketnaya-doska-forbo/
676,/catalog/arkhiv/parketnaya-doska-grundorf-gryundorf/
677,/catalog/arkhiv/parketnaya-doska-matimex/
678,/catalog/arkhiv/parketnaya-doska-solidfloor/
679,/catalog/arkhiv/probkovoe-pokrytie-corkart/
680,/catalog/arkhiv/real-parket/
681,/catalog/arkhiv/staryy-master/
682,/catalog/arkhiv/terrasnaya-doska-puinkado/
683,/catalog/arkhiv/tryekhsloynaya/
684,/catalog/arkhiv/shtuchnyy-parket-alpina/
685,/catalog/falshbalki/maxicolor/
686,/catalog/falshbalki/multicolor/
687,/catalog/falshbalki/multimaxcolor/
688,/catalog/probkovoe-pokrytie/corkstyle-urban/impuls/
689,/catalog/probkovoe-pokrytie/corkstyle/ecocork/
690,/catalog/probkovoe-pokrytie/corkstyle-natural/ecoprint/
691,/catalog/probkovoe-pokrytie/corkstyle-art/fantasy-stone/
692,/catalog/probkovoe-pokrytie/granorte/vita-decor/
693,/catalog/modulnyy-parket/siberian-floors/dekor/
694,/catalog/modulnyy-parket/siberian-floors/eksklyuziv/
695,/catalog/modulnyy-parket/siberian-floors/klassik/
696,/catalog/modulnyy-parket/coswick-/mini-moduli/
697,/catalog/inzhenernaya-doska/marco-ferutti/hermitage/
698,/catalog/inzhenernaya-doska/marco-ferutti/vario/
699,/catalog/inzhenernaya-doska/siberian-floor/klassik/
700,/catalog/inzhenernaya-doska/bauwerk/cleverpark/
701,/catalog/inzhenernaya-doska/bauwerk/casapark/
702,/catalog/inzhenernaya-doska/bauwerk/unopark/
703,/catalog/inzhenernaya-doska/coswick/kollektsiya-kantri/
704,/catalog/inzhenernaya-doska/boen/boen-chaletino/
705,/catalog/inzhenernaya-doska/tavolini/engineering-standart/
706,/catalog/parketnaya-doska/upofloor/kollektsiya-tempo/
707,/catalog/parketnaya-doska/upofloor/kollektsiya-ambient/
708,/catalog/parketnaya-doska/upofloor/kollektsiya-forte/
709,/catalog/parketnaya-doska/baum/classic/
710,/catalog/parketnaya-doska/barlinek/diana-forest/
711,/catalog/parketnaya-doska/karelia/libra/
712,/catalog/parketnaya-doska/karelia/polar/
713,/catalog/parketnaya-doska/karelia/karelia-midnight/
714,/catalog/parketnaya-doska/ellett/design-collection/
715,/catalog/parketnaya-doska/ellett/handscraped-collection/
716,/catalog/parketnaya-doska/boen-hohns/boen-stonewashed/
717,/catalog/parketnaya-doska/boen-hohns/boen-live-pure/
718,/catalog/parketnaya-doska/coswick/vekovye-traditsii/
719,/catalog/parketnaya-doska/coswick/klascicheskaya-kollektsiya/
720,/catalog/parketnaya-doska/coswick/norvezhskiy-les/
721,/catalog/parketnaya-doska/coswick/kantri-kollektsiya/
722,/catalog/parketnaya-doska/kahrs-chers/kollektsiya-lodzh-linea/
723,/catalog/parketnaya-doska/timberwise/trekhpolosnaya/
724,/catalog/parketnaya-doska/par-ky/par-ky-pro/
725,/catalog/laminat/alloc/chic/
726,/catalog/laminat/hdm-elesgo/wellness/
727,/catalog/laminat/epi/clip-400/
728,/catalog/laminat/epi/osmoze/
729,/catalog/laminat/pergo/domestic-elegance/
730,/catalog/laminat/progress/vinil-sng/
731,/catalog/laminat/witex/bonita/
732,/catalog/massivnaya-doska/coswick/blochnyy-parket/
733,/catalog/massivnaya-doska/coswick/eko/
734,/catalog/massivnaya-doska/amigo/bambuk-hi-tech-amigo-/
735,/catalog/massivnaya-doska/amigo/kollektsiya-dub/
736,/catalog/massivnaya-doska/komodoor/merbau/
737,/catalog/massivnaya-doska/komodoor/kempas/
738,/catalog/massivnaya-doska/komodoor/ormoziya/
739,/catalog/massivnaya-doska/tavolini-floors/prestizh/
740,/catalog/khudozhestvennyy-parket/bordyury/barokko/
741,/catalog/soputstvuyushchie-tovary/firmennye-aksessuary/alloc/
742,/catalog/sportivnie-poli/boen/boflex-stadium/
743,/catalog/sportivnie-poli/boen/doubleflex-stadium/
744,/catalog/sportivnie-poli/grabo/strongair-elite-plus/
745,/catalog/sportivnie-poli/grabo/strongair-elite/
746,/catalog/sportivnie-poli/grabo/springair-elite-plus/
747,/catalog/khimiya/dr-schutz/srdestva-dlya-ukhoda-za-lakirovannym-parketom/
748,/catalog/khimiya/dr-schutz/sredstva-dlya-ukhoda-za-promaslyannym-parketom/
749,/catalog/probkovoe-pokrytie/corkstyle-urban/loft/
750,/catalog/probkovoe-pokrytie/corkstyle-urban/color/
751,/catalog/arkhiv/kastamonu/32-klass/
752,/catalog/arkhiv/matraparkett/grandiose-antique-classic/
753,/catalog/probkovoe-pokrytie/granorte/vita-classic/
754,/catalog/probkovoe-pokrytie/corkstyle-art/adventures-children/
755,/catalog/probkovoe-pokrytie/corkstyle-art/hello-kitty-peanuts/
756,/catalog/probkovoe-pokrytie/corkstyle-natural/wood/
757,/catalog/probkovoe-pokrytie/corkstyle-natural/wood-xl/
758,/catalog/probkovoe-pokrytie/corkstyle/naturalcork/
759,/catalog/probkovoe-pokrytie/granorte/studio/
760,/catalog/probkovoe-pokrytie/corkstyle-natural/time-parquet/
761,/catalog/arkhiv/matraparkett/grandiose-premium/
762,/catalog/khimiya/dr-schutz/sredstva-dlya-ukhoda-terrasnoy-doski-iz-dereva/
763,/catalog/inzhenernaya-doska/marco-ferutti/linea/
764,/catalog/inzhenernaya-doska/marco-ferutti/versailles/
765,/catalog/inzhenernaya-doska/marco-ferutti/castello/
766,/catalog/modulnyy-parket/coswick-/versal/
767,/catalog/modulnyy-parket/coswick-/trianon/
768,/catalog/modulnyy-parket/coswick-/lanzhe/
769,/catalog/modulnyy-parket/coswick-/sheverni/
770,/catalog/khudozhestvennyy-parket/bordyury/ampir/
771,/catalog/khudozhestvennyy-parket/bordyury/vostok/
772,/catalog/modulnyy-parket/siberian-floors/elita/
773,/catalog/inzhenernaya-doska/bauwerk/megapark/
774,/catalog/inzhenernaya-doska/siberian-floor/elita/
775,/catalog/inzhenernaya-doska/coswick/kollektsiya-renessans/
776,/catalog/inzhenernaya-doska/siberian-floor/vintazh-i/
777,/catalog/inzhenernaya-doska/bauwerk/vintage/
778,/catalog/inzhenernaya-doska/tavolini/prestige-standart/
779,/catalog/inzhenernaya-doska/coswick/brashirovannaya-kollektsiya/
780,/catalog/inzhenernaya-doska/siberian-floor/vintazh-ii/
781,/catalog/modulnyy-parket/siberian-floors/vintazh/
782,/catalog/inzhenernaya-doska/boen/boen-chalet/
783,/catalog/inzhenernaya-doska/coswick/klassicheskaya-kollektsiya/
784,/catalog/inzhenernaya-doska/siberian-floor/vintazh-iii/
785,/catalog/inzhenernaya-doska/siberian-floor/dekor/
786,/catalog/inzhenernaya-doska/siberian-floor/eksklyuziv/
787,/catalog/inzhenernaya-doska/coswick/ekzoticheskaya-kollektsiya/
788,/catalog/inzhenernaya-doska/bauwerk/formpark-mini/
789,/catalog/inzhenernaya-doska/coswick/avtorskaya-kollektsiya/
790,/catalog/massivnaya-doska/tavolini-floors/frantsuzskaya-yelka-tavolini/
791,/catalog/parketnaya-doska/upofloor/kollektsiya-art-design/
792,/catalog/parketnaya-doska/baum/comfort/
793,/catalog/parketnaya-doska/barlinek/life/
794,/catalog/parketnaya-doska/barlinek/decor/
795,/catalog/parketnaya-doska/barlinek/vkusy-zhizni/
796,/catalog/parketnaya-doska/karelia/spice/
797,/catalog/parketnaya-doska/karelia/karelia-dawn/
798,/catalog/parketnaya-doska/karelia/karelia-earth/
799,/catalog/parketnaya-doska/karelia/light/
800,/catalog/parketnaya-doska/karelia/karelia-impressio/
801,/catalog/parketnaya-doska/karelia/urban-soul/
802,/catalog/parketnaya-doska/coswick/brashirovannaya-kollektsiya/
803,/catalog/parketnaya-doska/coswick/termoderevo/
804,/catalog/parketnaya-doska/kahrs-chers/kollektsiya-living-linea/
805,/catalog/parketnaya-doska/kahrs-chers/kollektsiya-khfbitet-linea/
806,/catalog/parketnaya-doska/kahrs-chers/avanti/
807,/catalog/parketnaya-doska/kahrs-chers/spetsprogramma-original/
808,/catalog/parketnaya-doska/par-ky/par-ky-lounge/
809,/catalog/parketnaya-doska/par-ky/par-ky-sound/
810,/catalog/parketnaya-doska/coswick/iskusstvo-i-remeslo/
811,/catalog/parketnaya-doska/kahrs-chers/garmoniya-original/
812,/catalog/parketnaya-doska/kahrs-chers/novaya-klassicheskaya-kollektsiya-original/
813,/catalog/parketnaya-doska/baum/premium/
814,/catalog/parketnaya-doska/boen-hohns/boen-odnopolosnaya/
815,/catalog/parketnaya-doska/boen-hohns/boen-trekhpolosnaya/
816,/catalog/parketnaya-doska/boen-hohns/boen-fineline/
817,/catalog/parketnaya-doska/timberwise/odnopolosnaya/
818,/catalog/parketnaya-doska/kahrs-chers/pesochnaya-kollektsiya-original/
819,/catalog/parketnaya-doska/coswick/avtorskaya-kollektsiya/
820,/catalog/parketnaya-doska/kahrs-chers/skandinavskaya-kollektsiya/
821,/catalog/parketnaya-doska/par-ky/par-ky-deluxe/
822,/catalog/parketnaya-doska/kahrs-chers/evropeyskaya-kollektsiya-original/
823,/catalog/parketnaya-doska/karelia/time/
824,/catalog/parketnaya-doska/barlinek/pure/
825,/catalog/parketnaya-doska/boen-hohns/boen-gent-plank/
826,/catalog/parketnaya-doska/kahrs-chers/stolichnaya-kollektsiya-original/
827,/catalog/parketnaya-doska/karelia/essence/
828,/catalog/parketnaya-doska/boen-hohns/boen-strongline-dvukhpolosnaya/
829,/catalog/parketnaya-doska/kahrs-chers/evropeyskiy-renessans-original-/
830,/catalog/parketnaya-doska/kahrs-chers/traditsionnaya-amerikanskaya-kollektsiya-original/
831,/catalog/parketnaya-doska/kahrs-chers/nasledie-original/
832,/catalog/parketnaya-doska/boen-hohns/boen-fashion/
833,/catalog/parketnaya-doska/boen-hohns/boen-home/
834,/catalog/parketnaya-doska/coswick/zebrano/
835,/catalog/parketnaya-doska/kahrs-chers/spirit/
836,/catalog/parketnaya-doska/kahrs-chers/amerikanskaya-kollektsiya/
837,/catalog/parketnaya-doska/coswick/ekzoticheskaya-kollektsiya/
838,/catalog/laminat/alloc/empire/
839,/catalog/laminat/epi/generation-12/
840,/catalog/laminat/epi/forte/
841,/catalog/laminat/pergo/living-expression/
842,/catalog/laminat/progress/wood/
843,/catalog/laminat/witex/marena/
844,/catalog/laminat/hdm-elesgo/wellness-v4/
845,/catalog/laminat/hdm-elesgo/contour-rundkante/
846,/catalog/laminat/hdm-elesgo/wellness-maxi-v5/
847,/catalog/laminat/progress/stone/
848,/catalog/laminat/witex/color/
849,/catalog/laminat/alloc/original/
850,/catalog/laminat/pergo/public-extreme-class/
851,/catalog/laminat/witex/ariosa/
852,/catalog/laminat/pergo/original-excellence/
853,/catalog/laminat/progress/velour/
854,/catalog/laminat/witex/marena-comfort-/
855,/catalog/laminat/witex/marena-maxi-v2/
856,/catalog/laminat/progress/knit/
857,/catalog/laminat/witex/piazza-comfort/
858,/catalog/laminat/alloc/universal/
859,/catalog/laminat/witex/piazza/
860,/catalog/laminat/witex/marena-xl-v4/
861,/catalog/laminat/pergo/totaldesign/
862,/catalog/laminat/hdm-elesgo/superglanz-diele-extra-sensitive/
863,/catalog/laminat/alloc/commercial-stone/
864,/catalog/laminat/epi/solid/
865,/catalog/laminat/witex/marena-v2/
866,/catalog/laminat/alloc/grand-avenue/
867,/catalog/laminat/witex/euro-actual/
868,/catalog/laminat/witex/euro-nature-v2/
869,/catalog/laminat/witex/piazza-maxi/
870,/catalog/laminat/hdm-elesgo/superglanz-/
871,/catalog/laminat/progress/natural-stone/
872,/catalog/laminat/alloc/prestige/
873,/catalog/laminat/witex/bonita-v2/
874,/catalog/laminat/epi/solid-medium/
875,/catalog/laminat/witex/marena-stone-v4/
876,/catalog/laminat/epi/solid-plus/
877,/catalog/massivnaya-doska/coswick/kollektsiya-kantri/
878,/catalog/massivnaya-doska/coswick/vekovye-traditsii/
879,/catalog/massivnaya-doska/komodoor/palisandr/
880,/catalog/massivnaya-doska/komodoor/tik/
881,/catalog/massivnaya-doska/komodoor/kume/
882,/catalog/massivnaya-doska/komodoor/amerikanskiy-orekh/
883,/catalog/massivnaya-doska/tavolini-floors/elit/
884,/catalog/massivnaya-doska/tavolini-floors/lehofloors/
885,/catalog/massivnaya-doska/coswick/avtorskaya-kollektsiya/
886,/catalog/massivnaya-doska/coswick/brashirovannaya-kollektsiya/
887,/catalog/massivnaya-doska/coswick/klassicheskaya-kollektsiya/
888,/catalog/massivnaya-doska/amigo/ekzoticheskiy-parket-amigo/
889,/catalog/khudozhestvennyy-parket/bordyury/gotika/
890,/catalog/khudozhestvennyy-parket/bordyury/geometriya/
891,/catalog/khudozhestvennyy-parket/bordyury/lenta/
892,/catalog/khudozhestvennyy-parket/bordyury/meandr/
893,/catalog/khudozhestvennyy-parket/bordyury/prostye/
894,/catalog/khudozhestvennyy-parket/bordyury/tsvety/
895,/catalog/khudozhestvennyy-parket/bordyury/modern/
896,/catalog/khudozhestvennyy-parket/bordyury/pletenka/
897,/catalog/sportivnie-poli/boen/singleflex-stadium/
898,/catalog/sportivnie-poli/boen/elastflex-stadium/
899,/catalog/sportivnie-poli/boen/arenaflex-stadium/
900,/catalog/sportivnie-poli/boen/actiflex-/
901,/catalog/sportivnie-poli/grabo/jampair-basic/
902,/catalog/sportivnie-poli/grabo/jampair-elite/
903,/catalog/sportivnie-poli/grabo/springair-elite/
904,/catalog/sportivnie-poli/boen/sport-flooring-14mm/
905,/catalog/arkhiv/kastamonu/33-klass/
906,/catalog/arkhiv/matraparkett/style-dub-antique/
907,/catalog/arkhiv/matraparkett/style-yasen-premium/
908,/catalog/parketnaya-doska/kahrs-chers/mirovaya-kollektsiya-original/
