http://info24.co.il/coupons/vse-goroda/vse-kategorii,"Показать все (1236) ",1236
http://info24.co.il/coupons/vse-goroda/avtomobili-mototsikly,"Автомобили, Мотоциклы (51) ",51
http://info24.co.il/coupons/vse-goroda/avtoshkoly-motoshkoly,"Автошколы/Мотошколы (10) ",10
http://info24.co.il/coupons/vse-goroda/advokaty-notariusy,"Адвокаты, нотариусы (75) ",75
http://info24.co.il/coupons/vse-goroda/alkogolnye-napitki,"Алкогольные напитки (15) ",15
http://info24.co.il/coupons/vse-goroda/attraktsiony,"Аттракционы (2) ",2
http://info24.co.il/coupons/vse-goroda/audio-video-televidenie,"Аудио, Видео-техника (39) ",39
http://info24.co.il/coupons/vse-goroda/basseiny_bani_sauny,"Бассейны, Сауны, Бани (8) ",8
http://info24.co.il/coupons/vse-goroda/bezopasnost,"Безопасность (8) ",8
http://info24.co.il/coupons/vse-goroda/buhgaltery-auditory,"Бухгалтеры, Аудиторы (5) ",5
http://info24.co.il/coupons/vse-goroda/bytovaia_technika,"Бытовая техника (46) ",46
http://info24.co.il/coupons/vse-goroda/vip-uslugi-v-izraile,"ВИП услуги в Израиле (3) ",3
http://info24.co.il/coupons/vse-goroda/vse-dlya-torzhestv,"Все для торжеств (54) ",54
http://info24.co.il/coupons/vse-goroda/garagy-avtozapchasty,"Гаражи, Автозапчасти (150) ",150
http://info24.co.il/coupons/vse-goroda/zoomagaziny,"Зоомагазины/Ветеринары (40) ",40
http://info24.co.il/coupons/vse-goroda/intimnye-tovary,"Интимные товары (19) ",19
http://info24.co.il/coupons/vse-goroda/kommunalnye-uslugi,"Коммунальные услуги (2) ",2
http://info24.co.il/coupons/vse-goroda/kompyutery-orgtehnika,"Компьютеры, оргтехника (24) ",24
http://info24.co.il/coupons/vse-goroda/krasota-i-zdorove,"Красота и здоровье (131) ",131
http://info24.co.il/coupons/vse-goroda/mebel,"Мебель (129) ",129
http://info24.co.il/coupons/vse-goroda/mobilnye_telefony,"Мобильные телефоны (29) ",29
http://info24.co.il/coupons/vse-goroda/nedvizhimost,"Недвижимость (25) ",25
http://info24.co.il/coupons/vse-goroda/obrazovanie_kursy,"Образование, курсы (22) ",22
http://info24.co.il/coupons/vse-goroda/odezhda-obuv-sumki,"Одежда, обувь, сумки (48) ",48
http://info24.co.il/coupons/vse-goroda/optika,"Оптика (9) ",9
http://info24.co.il/coupons/vse-goroda/osveschenie,"Освещение (19) ",19
http://info24.co.il/coupons/vse-goroda/otdyh-i-razvlecheniya,"Отдых и развлечения (29) ",29
http://info24.co.il/coupons/vse-goroda/podarki_suveniry,"Подарки, сувениры (40) ",40
http://info24.co.il/coupons/vse-goroda/produkty_pitania,"Продукты питания (39) ",39
http://info24.co.il/coupons/vse-goroda/reklama-v-izraile,"Реклама в Израиле (5) ",5
http://info24.co.il/coupons/vse-goroda/reklama_i_pechat,"Реклама и печать (14) ",14
http://info24.co.il/coupons/vse-goroda/restorany_i_kafe,"Рестораны и кафе  (119) ",119
http://info24.co.il/coupons/vse-goroda/pamyatniki,"Ритуальные услуги/Памятники (5) ",5
http://info24.co.il/coupons/vse-goroda/spetsialnoe-oborudovanie,"Специальное оборудование (9) ",9
http://info24.co.il/coupons/vse-goroda/sporttovary,"Спорттовары (20) ",20
http://info24.co.il/coupons/vse-goroda/sputnikovoe-televidenie,"Спутниковое/смарт телевидение (7) ",7
http://info24.co.il/coupons/vse-goroda/ssudy-fin-konsultatsii,"Ссуды/Машканта (6) ",6
http://info24.co.il/coupons/vse-goroda/strahovka,"Страховка (10) ",10
http://info24.co.il/coupons/vse-goroda/stroitelstvo-i-remont,"Строительство и ремонт (209) ",209
http://info24.co.il/coupons/vse-goroda/tabachnye-izdeliya-kalyany,"Табачные изделия/Кальяны (5) ",5
http://info24.co.il/coupons/vse-goroda/tekstil,"Текстиль (28) ",28
http://info24.co.il/coupons/vse-goroda/tovary-i-uslugi-dlya-detej,"Товары и услуги для детей (22) ",22
http://info24.co.il/coupons/vse-goroda/transportnye-uslugi,"Транспортные услуги (4) ",4
http://info24.co.il/coupons/vse-goroda/turizm,"Туризм (45) ",45
http://info24.co.il/coupons/vse-goroda/uslugi,"Услуги (114) ",114
"http://info24.co.il/coupons/vse-goroda/fitness-kluby, sport","Фитнес-клубы, спорт (2) ",2
http://info24.co.il/coupons/vse-goroda/foto_video_uslugi,"Фото/Видео услуги (9) ",9
http://info24.co.il/coupons/vse-goroda/hobbi-i-uvlecheniya,"Хобби и увлечения (10) ",10
http://info24.co.il/coupons/vse-goroda/hoztovary-spetsmagaziny,"Хозтовары/Спецмагазины (23) ",23
http://info24.co.il/coupons/vse-goroda/tsvety-oranzherei,"Цветы, Оранжереи (21) ",21
http://info24.co.il/coupons/vse-goroda/tsimmery,"Циммеры (18) ",18
http://info24.co.il/coupons/vse-goroda/elektronnye-sigarety,"Электронные сигареты (2) ",2
http://info24.co.il/coupons/vse-goroda/iuvelirnye_izdelia,"Ювелирные изделия (15) ",15
